file_path,category,confidence,text_density,handwriting,table_layout,faces,map_like,reason,model,prompt_version
J:\Genealogy\genealogy_pipeline\data\working\oocihm.lac_reel_c10264.658.jpg,printed_document,0.98,0.95,False,False,False,False,"This is a typed application form with a handful of one-time labeled fields, fitting the printed_document category.",gemma,v1
J:\Genealogy\genealogy_pipeline\data\working\oocihm.lac_reel_c10264.730.jpg,printed_document,0.98,0.85,False,False,False,False,"The image consists of typed prose, characteristic of a letter or official correspondence, without a repeating tabular structure.",gemma,v1
J:\Genealogy\genealogy_pipeline\data\working\oocihm.lac_reel_c10264.734.jpg,printed_document,0.98,0.4,False,False,False,False,"The image contains typed prose in the form of a letter, which fits the definition of a printed document.",gemma,v1
J:\Genealogy\genealogy_pipeline\data\working\oocihm.lac_reel_c10264.735.jpg,printed_document,0.98,0.75,False,False,False,False,"The image contains typed prose in the form of a letter, which fits the definition of a printed document.",gemma,v1
J:\Genealogy\genealogy_pipeline\data\working\oocihm.lac_reel_c10264.736.jpg,printed_document,0.98,0.4,False,False,False,False,"The image consists of typed prose, characteristic of a letter or official correspondence.",gemma,v1
J:\Genealogy\genealogy_pipeline\data\working\oocihm.lac_reel_c10264.737.jpg,printed_document,0.98,0.75,False,False,False,False,"The image consists of typed prose, characteristic of a letter, without a repeating tabular structure.",gemma,v1
J:\Genealogy\genealogy_pipeline\data\working\oocihm.lac_reel_c10264.738.jpg,printed_document,0.98,0.75,False,False,False,False,"The image contains typed prose in the form of a letter, which fits the definition of a printed document.",gemma,v1
J:\Genealogy\genealogy_pipeline\data\working\oocihm.lac_reel_c10264.740.jpg,printed_document,0.98,0.75,False,False,False,False,"The image contains typed prose in the form of a letter, which fits the definition of a printed document.",gemma,v1
J:\Genealogy\genealogy_pipeline\data\working\oocihm.lac_reel_c10264.741.jpg,printed_document,0.98,0.75,False,False,False,False,"The image contains typed prose in a letter format, which fits the definition of a printed document.",gemma,v1
J:\Genealogy\genealogy_pipeline\data\working\oocihm.lac_reel_c10264.742.jpg,printed_document,0.95,0.85,False,False,False,False,"The document is a typed letter or official correspondence with a handful of unique fields, not repeating tabular data.",gemma,v1
J:\Genealogy\genealogy_pipeline\data\working\oocihm.lac_reel_c10264.747.jpg,printed_document,0.98,0.85,False,False,False,False,"The image contains typed prose in the form of a letter, which fits the definition of a printed document.",gemma,v1
J:\Genealogy\genealogy_pipeline\data\working\oocihm.lac_reel_c10264.761.jpg,printed_document,0.95,0.4,True,False,False,False,The document appears to be a typed memo or letter with a handful of labeled fields rather than repeating tabular data.,gemma,v1
J:\Genealogy\genealogy_pipeline\data\working\oocihm.lac_reel_c10264.762.jpg,printed_document,0.98,0.6,True,False,False,False,"The document is a typed letter or memorandum with a handful of unique fields, fitting the printed_document classification.",gemma,v1
J:\Genealogy\genealogy_pipeline\data\working\oocihm.lac_reel_c10264.764.jpg,printed_document,0.98,0.75,False,False,False,False,"The image consists of typed prose in the form of a letter, which fits the definition of a printed document.",gemma,v1
J:\Genealogy\genealogy_pipeline\data\working\oocihm.lac_reel_c10264.798.jpg,printed_document,0.98,0.85,False,False,False,False,"The image is a typed letter or official correspondence, fitting the description of printed prose.",gemma,v1
J:\Genealogy\genealogy_pipeline\data\working\oocihm.lac_reel_c10264.808.jpg,printed_document,0.95,0.85,False,False,False,False,"The document is typed prose, resembling a letter or official correspondence, rather than a repeating tabular structure.",gemma,v1
J:\Genealogy\genealogy_pipeline\data\working\oocihm.lac_reel_c10295.1130.jpg,printed_document,0.98,0.85,False,False,False,False,"The image consists of typed prose, characteristic of a letter or official document, without repeating tabular data.",gemma,v1
J:\Genealogy\genealogy_pipeline\data\working\oocihm.lac_reel_c10295.1131.jpg,printed_document,0.95,0.6,False,False,False,False,"The document consists of typed prose and a few single-entity labeled fields, fitting the description of a printed document.",gemma,v1
J:\Genealogy\genealogy_pipeline\data\working\oocihm.lac_reel_c10295.1142.jpg,printed_document,0.98,0.85,False,False,False,False,"The image is a typed letter or official correspondence, fitting the description of printed prose.",gemma,v1
J:\Genealogy\genealogy_pipeline\data\working\oocihm.lac_reel_c10295.1199.jpg,printed_document,0.98,0.75,False,False,False,False,"The image consists of typed prose, characteristic of a letter or document, without a repeating tabular structure.",gemma,v1
J:\Genealogy\genealogy_pipeline\data\working\oocihm.lac_reel_c10295.1203.jpg,printed_document,0.98,0.85,False,False,False,False,"The image consists of typed prose, characteristic of a letter or report, without a repeating tabular structure.",gemma,v1
J:\Genealogy\genealogy_pipeline\data\working\oocihm.lac_reel_c10295.468.jpg,printed_document,0.98,0.85,False,False,False,False,"This is a single-entity form with a handful of one-time labeled fields, fitting the printed_document criteria.",gemma,v1
J:\Genealogy\genealogy_pipeline\data\working\oocihm.lac_reel_c10295.469.jpg,printed_document,0.98,0.4,False,False,False,False,"The image is a typed form with a handful of single-entity fields, fitting the definition of a printed document.",gemma,v1
J:\Genealogy\genealogy_pipeline\data\working\oocihm.lac_reel_c10295.472.jpg,printed_document,0.98,0.4,False,False,False,False,"The document consists of typed prose and numbered points, fitting the description of a printed document.",gemma,v1
J:\Genealogy\genealogy_pipeline\data\working\oocihm.lac_reel_c10295.597.jpg,printed_document,0.98,0.85,False,False,False,False,"The image consists of typed prose, characteristic of a letter or official document, without repeating tabular data.",gemma,v1
J:\Genealogy\genealogy_pipeline\data\working\oocihm.lac_reel_c10295.598.jpg,printed_document,0.98,0.3,False,False,False,False,"The image contains typed prose in a letter format, which fits the description of a printed document.",gemma,v1
J:\Genealogy\genealogy_pipeline\data\working\oocihm.lac_reel_c10295.599.jpg,printed_document,0.98,0.85,False,False,False,False,"The image consists of typed prose and questions, fitting the description of printed document.",gemma,v1
J:\Genealogy\genealogy_pipeline\data\working\oocihm.lac_reel_c10295.850.jpg,printed_document,0.98,0.85,False,False,False,False,"The image consists of a typed list of names and addresses, which is characteristic of printed prose rather than a repeating tabular structure.",gemma,v1
J:\Genealogy\genealogy_pipeline\data\working\oocihm.lac_reel_c10296.455.jpg,printed_document,0.98,0.75,False,False,False,False,The image consists of typed prose forming a letter or report without any repeating tabular structure.,gemma,v1
J:\Genealogy\genealogy_pipeline\data\working\oocihm.lac_reel_c10296.456.jpg,printed_document,0.98,0.4,False,False,False,False,"The image consists of typed prose, characteristic of a letter or article, without a repeating tabular structure.",gemma,v1
J:\Genealogy\genealogy_pipeline\data\working\oocihm.lac_reel_c10296.478.jpg,printed_document,0.98,0.75,False,False,False,False,"The image is a typed letter, which falls under the printed_document category for prose.",gemma,v1
J:\Genealogy\genealogy_pipeline\data\working\oocihm.lac_reel_c10296.494.jpg,printed_document,0.98,0.85,False,False,False,False,"The image consists of typed prose, characteristic of a letter or official correspondence.",gemma,v1
J:\Genealogy\genealogy_pipeline\data\working\oocihm.lac_reel_c10296.497.jpg,printed_document,0.95,0.8,False,False,False,False,The image contains typed prose resembling a letter or document without repeating tabular data structures.,gemma,v1
J:\Genealogy\genealogy_pipeline\data\working\oocihm.lac_reel_c10296.500.jpg,printed_document,0.95,0.85,False,False,False,False,"The image consists of typed prose and a schedule, fitting the description of a printed document.",gemma,v1
J:\Genealogy\genealogy_pipeline\data\working\oocihm.lac_reel_c10296.501.jpg,printed_document,0.98,0.65,False,False,False,False,"The image consists of typed prose detailing an itinerary, which fits the definition of a printed document.",gemma,v1
J:\Genealogy\genealogy_pipeline\data\working\oocihm.lac_reel_c10296.502.jpg,printed_document,0.98,0.75,False,False,False,False,"The image consists of typed prose detailing an itinerary, fitting the description of a printed document.",gemma,v1
J:\Genealogy\genealogy_pipeline\data\working\oocihm.lac_reel_c10296.503.jpg,printed_document,0.98,0.85,False,False,False,False,"The image consists of typed prose and headings, fitting the description of a printed document.",gemma,v1
J:\Genealogy\genealogy_pipeline\data\working\oocihm.lac_reel_c10296.504.jpg,printed_document,0.98,0.85,False,False,False,False,"The image consists of typed prose in a memorandum format, which fits the definition of a printed document.",gemma,v1
J:\Genealogy\genealogy_pipeline\data\working\oocihm.lac_reel_c10296.508.jpg,printed_document,0.95,0.85,False,False,False,False,The document consists of typed prose and structured entries that do not form a repeating tabular structure.,gemma,v1
J:\Genealogy\genealogy_pipeline\data\working\oocihm.lac_reel_c10296.509.jpg,printed_document,0.95,0.85,False,False,False,False,"The image consists of typed prose, which fits the description of a printed document.",gemma,v1
J:\Genealogy\genealogy_pipeline\data\working\oocihm.lac_reel_c10296.510.jpg,printed_document,0.98,0.4,True,False,False,False,"The image contains prose in a letter format, which fits the description of a printed document.",gemma,v1
J:\Genealogy\genealogy_pipeline\data\working\oocihm.lac_reel_c10296.511.jpg,printed_document,0.98,0.85,False,False,False,False,"The image consists of typed prose, characteristic of a letter or official document, without repeating tabular data.",gemma,v1
J:\Genealogy\genealogy_pipeline\data\working\oocihm.lac_reel_c10296.512.jpg,printed_document,0.95,0.4,False,False,False,False,"The image consists of continuous prose, characteristic of a letter or document, without a repeating tabular structure.",gemma,v1
J:\Genealogy\genealogy_pipeline\data\working\oocihm.lac_reel_c10296.513.jpg,printed_document,0.95,0.7,True,False,False,False,"The image contains a letter format, which is classified as printed document, rather than a repeating tabular structure.",gemma,v1
J:\Genealogy\genealogy_pipeline\data\working\oocihm.lac_reel_c10296.515.jpg,printed_document,0.95,0.8,False,False,False,False,"The image consists of typed prose, characteristic of a letter, without a repeating tabular structure.",gemma,v1
J:\Genealogy\genealogy_pipeline\data\working\oocihm.lac_reel_c10296.516.jpg,printed_document,0.98,0.4,False,False,False,False,"The image contains a typed letter, which falls under the printed_document category.",gemma,v1
J:\Genealogy\genealogy_pipeline\data\working\oocihm.lac_reel_c10296.517.jpg,printed_document,0.95,0.75,False,False,False,False,"The document is a typed official statement with a few labeled fields, fitting the description of a single-entity form.",gemma,v1
J:\Genealogy\genealogy_pipeline\data\working\oocihm.lac_reel_c10296.519.jpg,printed_document,0.98,0.4,False,False,False,False,"The image is a typed letter, which falls under the printed_document category as it is prose without a repeating tabular structure.",gemma,v1
J:\Genealogy\genealogy_pipeline\data\working\oocihm.lac_reel_c10301.529.jpg,printed_document,0.98,0.85,False,False,False,False,The image consists of typed prose forming a letter or official correspondence without a repeating tabular structure.,gemma,v1
J:\Genealogy\genealogy_pipeline\data\working\oocihm.lac_reel_c10301.548.jpg,printed_document,0.98,0.85,False,False,False,False,"The image consists of typed prose, characteristic of a letter or official correspondence.",gemma,v1
J:\Genealogy\genealogy_pipeline\data\working\oocihm.lac_reel_c10301.549.jpg,printed_document,0.98,0.4,False,False,False,False,"The image consists of typed prose forming a letter, which fits the definition of a printed document.",gemma,v1
J:\Genealogy\genealogy_pipeline\data\working\oocihm.lac_reel_c10301.69.jpg,printed_document,0.98,0.75,False,False,False,False,The image consists of typed prose forming an article or note without a repeating tabular structure.,gemma,v1
J:\Genealogy\genealogy_pipeline\data\working\oocihm.lac_reel_c10301.70.jpg,printed_document,1.0,0.8,False,False,False,False,"The image consists of continuous typed prose, characteristic of an article or text.",gemma,v1
J:\Genealogy\genealogy_pipeline\data\working\oocihm.lac_reel_c10301.72.jpg,printed_document,0.98,0.85,False,False,False,False,"The image consists of continuous typed prose, characteristic of an article or text.",gemma,v1
J:\Genealogy\genealogy_pipeline\data\working\oocihm.lac_reel_c10301.73.jpg,printed_document,1.0,0.8,False,False,False,False,The image consists of continuous typed prose forming an article or text.,gemma,v1
J:\Genealogy\genealogy_pipeline\data\working\oocihm.lac_reel_c10301.74.jpg,printed_document,1.0,0.8,False,False,False,False,"The image consists of continuous typed prose, characteristic of an article or text.",gemma,v1
J:\Genealogy\genealogy_pipeline\data\working\oocihm.lac_reel_c10301.75.jpg,printed_document,0.98,0.85,False,False,False,False,The image consists of continuous typed prose without a repeating tabular structure or photographic elements.,gemma,v1
J:\Genealogy\genealogy_pipeline\data\working\oocihm.lac_reel_c10301.77.jpg,printed_document,0.98,0.85,False,False,False,False,The image consists of continuous typed prose forming an article or text block.,gemma,v1
J:\Genealogy\genealogy_pipeline\data\working\oocihm.lac_reel_c10301.78.jpg,printed_document,0.98,0.75,False,False,False,False,The image consists of continuous typed prose forming an article or text.,gemma,v1
J:\Genealogy\genealogy_pipeline\data\working\oocihm.lac_reel_c10301.79.jpg,printed_document,0.98,0.85,False,False,False,False,The image consists of continuous typed prose forming an article or text passage.,gemma,v1
J:\Genealogy\genealogy_pipeline\data\working\oocihm.lac_reel_c10301.80.jpg,printed_document,1.0,0.8,False,False,False,False,"The image consists of continuous typed prose, characteristic of a printed document.",gemma,v1
J:\Genealogy\genealogy_pipeline\data\working\oocihm.lac_reel_c10301.82.jpg,printed_document,1.0,0.9,False,False,False,False,The image consists of continuous typed prose forming an article or text document.,gemma,v1
J:\Genealogy\genealogy_pipeline\data\working\oocihm.lac_reel_c10301.83.jpg,printed_document,0.98,0.85,False,False,False,False,The image consists of continuous typed prose forming an article or text.,gemma,v1
J:\Genealogy\genealogy_pipeline\data\working\oocihm.lac_reel_c10301.84.jpg,printed_document,0.98,0.85,False,False,False,False,"The image consists of typed prose and a title, fitting the description of a printed document.",gemma,v1
J:\Genealogy\genealogy_pipeline\data\working\oocihm.lac_reel_c10301.86.jpg,printed_document,0.98,0.95,False,False,False,False,The image consists of typed prose forming a legal or application document without repeating tabular data.,gemma,v1
J:\Genealogy\genealogy_pipeline\data\working\oocihm.lac_reel_c10414.112.jpg,printed_document,0.98,0.85,False,False,False,False,"This is a printed document featuring a title and text, not a repeating tabular structure.",gemma,v1
J:\Genealogy\genealogy_pipeline\data\working\oocihm.lac_reel_c10414.113.jpg,printed_document,0.98,0.85,False,False,False,False,The image consists of typed prose forming an article or document without repeating tabular data structures.,gemma,v1
J:\Genealogy\genealogy_pipeline\data\working\oocihm.lac_reel_c10414.114.jpg,printed_document,0.98,0.85,False,False,False,False,"The image consists of continuous typed prose, characteristic of an article or document.",gemma,v1
J:\Genealogy\genealogy_pipeline\data\working\oocihm.lac_reel_c10414.115.jpg,printed_document,0.98,0.75,False,False,False,False,"The image consists of typed prose and headings, fitting the description of a printed document.",gemma,v1
J:\Genealogy\genealogy_pipeline\data\working\oocihm.lac_reel_c10414.117.jpg,printed_document,0.98,0.85,False,False,False,False,The image consists of typed prose forming a document without a repeating tabular structure.,gemma,v1
J:\Genealogy\genealogy_pipeline\data\working\oocihm.lac_reel_c10414.118.jpg,printed_document,0.98,0.75,False,False,False,False,"The image consists of continuous typed prose, characteristic of a printed document.",gemma,v1
J:\Genealogy\genealogy_pipeline\data\working\oocihm.lac_reel_c10414.119.jpg,printed_document,0.98,0.75,False,False,False,False,"The image consists of continuous typed prose, characteristic of a printed document.",gemma,v1
J:\Genealogy\genealogy_pipeline\data\working\oocihm.lac_reel_c10414.120.jpg,printed_document,0.98,0.85,False,False,False,False,The image consists of typed prose forming a letter or document without a repeating tabular structure.,gemma,v1
J:\Genealogy\genealogy_pipeline\data\working\oocihm.lac_reel_c10414.121.jpg,printed_document,0.98,0.75,False,False,False,False,"The image consists of continuous typed prose, characteristic of a letter or article, without a repeating tabular structure.",gemma,v1
J:\Genealogy\genealogy_pipeline\data\working\oocihm.lac_reel_c10414.122.jpg,printed_document,0.98,0.85,False,False,False,False,"The image consists of continuous typed prose, characteristic of a printed document.",gemma,v1
J:\Genealogy\genealogy_pipeline\data\working\oocihm.lac_reel_c10414.123.jpg,printed_document,0.98,0.75,False,False,False,False,The image consists of continuous typed prose forming an article or letter without a repeating tabular structure.,gemma,v1
J:\Genealogy\genealogy_pipeline\data\working\oocihm.lac_reel_c10414.124.jpg,printed_document,0.98,0.85,False,False,False,False,"The image consists of typed prose, characteristic of a letter or document, without a repeating tabular structure.",gemma,v1
J:\Genealogy\genealogy_pipeline\data\working\oocihm.lac_reel_c10414.125.jpg,printed_document,0.98,0.4,False,False,False,False,"The image contains typed prose, characteristic of a letter, without a repeating tabular structure.",gemma,v1
J:\Genealogy\genealogy_pipeline\data\working\oocihm.lac_reel_c10414.127.jpg,printed_document,0.98,0.85,False,False,False,False,The image consists of typed prose and informational text without a repeating tabular structure.,gemma,v1
J:\Genealogy\genealogy_pipeline\data\working\oocihm.lac_reel_c10414.128.jpg,printed_document,0.98,0.75,False,False,False,False,The image consists primarily of typed prose and informational text without a repeating tabular structure.,gemma,v1
J:\Genealogy\genealogy_pipeline\data\working\oocihm.lac_reel_c10610.329.jpg,printed_document,0.98,0.4,False,False,False,False,"The image contains typed prose, characteristic of a letter, without a repeating tabular structure.",gemma,v1
J:\Genealogy\genealogy_pipeline\data\working\oocihm.lac_reel_c10610.330.jpg,printed_document,0.98,0.85,False,False,False,False,"The image contains typed prose from a letter, fitting the description of a printed document.",gemma,v1
J:\Genealogy\genealogy_pipeline\data\working\oocihm.lac_reel_c10610.331.jpg,printed_document,0.95,0.4,False,False,False,False,"The image contains typed prose resembling a memo or letter, fitting the description of a printed document.",gemma,v1
J:\Genealogy\genealogy_pipeline\data\working\oocihm.lac_reel_c10610.332.jpg,printed_document,0.98,0.65,False,False,False,False,"The image contains typed prose from a letter, which fits the description of a printed document.",gemma,v1
J:\Genealogy\genealogy_pipeline\data\working\oocihm.lac_reel_c10610.333.jpg,printed_document,0.98,0.4,False,False,False,False,"The image contains typed prose in a letter format, which fits the definition of a printed document.",gemma,v1
J:\Genealogy\genealogy_pipeline\data\working\oocihm.lac_reel_c10610.334.jpg,printed_document,0.98,0.75,False,False,False,False,"The image consists of typed prose forming a letter, which fits the definition of a printed document.",gemma,v1
J:\Genealogy\genealogy_pipeline\data\working\oocihm.lac_reel_c10610.335.jpg,printed_document,0.98,0.4,False,False,False,False,The image contains typed prose resembling a letter or official correspondence without repeating tabular data.,gemma,v1
J:\Genealogy\genealogy_pipeline\data\working\oocihm.lac_reel_c10610.336.jpg,printed_document,0.95,0.3,True,False,False,False,"The image consists primarily of typed prose and a signature, fitting the description of a printed document.",gemma,v1
J:\Genealogy\genealogy_pipeline\data\working\oocihm.lac_reel_c10610.337.jpg,printed_document,0.98,0.4,False,False,False,False,"The image contains typed correspondence and official letterhead, fitting the description of printed prose.",gemma,v1
J:\Genealogy\genealogy_pipeline\data\working\oocihm.lac_reel_c10610.338.jpg,printed_document,0.98,0.85,False,False,False,False,"The image contains typed prose in the form of a letter, which fits the description of a printed document.",gemma,v1
J:\Genealogy\genealogy_pipeline\data\working\oocihm.lac_reel_c10610.340.jpg,printed_document,0.98,0.75,False,False,False,False,"The image consists primarily of typed prose, resembling a letter or official correspondence.",gemma,v1
J:\Genealogy\genealogy_pipeline\data\working\oocihm.lac_reel_c10610.341.jpg,printed_document,0.95,0.3,False,False,False,False,"The image contains typed prose and a single letter format, fitting the description of a printed document.",gemma,v1
J:\Genealogy\genealogy_pipeline\data\working\oocihm.lac_reel_c10610.342.jpg,printed_document,0.98,0.85,False,False,False,False,"This is a printed document featuring a title and descriptive text, not a repeating tabular structure.",gemma,v1
J:\Genealogy\genealogy_pipeline\data\working\oocihm.lac_reel_c10610.343.jpg,printed_document,0.95,0.3,False,False,False,False,The image contains typed text resembling a poster or document without repeating tabular data structures.,gemma,v1
J:\Genealogy\genealogy_pipeline\data\working\oocihm.lac_reel_c10610.344.jpg,printed_document,0.95,0.3,True,False,False,False,"The image contains handwritten script and a few labeled fields, fitting the description of a single-entity form rather than repeated tabular data.",gemma,v1
J:\Genealogy\genealogy_pipeline\data\working\oocihm.lac_reel_c10610.345.jpg,printed_document,0.98,0.6,False,False,False,False,"The image is a typed letter from a government department, fitting the description of printed prose.",gemma,v1
J:\Genealogy\genealogy_pipeline\data\working\oocihm.lac_reel_c10610.346.jpg,printed_document,0.98,0.65,True,False,False,False,"The image contains typed prose and a single-entity letter format, fitting the printed_document category.",gemma,v1
J:\Genealogy\genealogy_pipeline\data\working\oocihm.lac_reel_c10610.347.jpg,printed_document,0.98,0.4,False,False,False,False,"The image consists of typed prose, characteristic of a letter, without a repeating tabular structure.",gemma,v1
J:\Genealogy\genealogy_pipeline\data\working\oocihm.lac_reel_c10610.348.jpg,printed_document,0.98,0.75,False,False,False,False,"The image contains typed prose in the form of an excerpt from a letter, fitting the description of a printed document.",gemma,v1
J:\Genealogy\genealogy_pipeline\data\working\oocihm.lac_reel_c10610.349.jpg,printed_document,0.98,0.3,False,False,False,False,"The image contains typed prose from a letter, fitting the description of a printed document.",gemma,v1
J:\Genealogy\genealogy_pipeline\data\working\oocihm.lac_reel_c10610.350.jpg,printed_document,0.98,0.85,False,False,False,False,"The image consists of typed prose, characteristic of a letter or memorandum, without a repeating tabular structure.",gemma,v1
J:\Genealogy\genealogy_pipeline\data\working\oocihm.lac_reel_c10610.352.jpg,printed_document,0.95,0.3,False,False,False,False,"The image contains typed prose from a letter, fitting the description of a printed document.",gemma,v1
J:\Genealogy\genealogy_pipeline\data\working\oocihm.lac_reel_c10610.353.jpg,printed_document,0.98,0.65,False,False,False,False,"The image contains typed prose and official letter formatting, fitting the description of a printed document.",gemma,v1
J:\Genealogy\genealogy_pipeline\data\working\oocihm.lac_reel_c10634.34.jpg,printed_document,0.98,0.85,False,False,False,False,"The image consists of typed prose, specifically a letter, without a repeating tabular structure.",gemma,v1
J:\Genealogy\genealogy_pipeline\data\working\oocihm.lac_reel_c10634.46.jpg,printed_document,0.98,0.95,False,False,False,False,"The image consists primarily of typed prose and section headings, fitting the description of a printed document.",gemma,v1
J:\Genealogy\genealogy_pipeline\data\working\oocihm.lac_reel_c10634.903.jpg,printed_document,0.95,0.75,True,False,False,False,The document is a typed letter or form with a handful of unique fields rather than repeated tabular data.,gemma,v1
J:\Genealogy\genealogy_pipeline\data\working\oocihm.lac_reel_c10634.905.jpg,printed_document,0.95,0.75,False,False,False,False,"The image is a typed official document with a handful of labeled fields, fitting the description of a single-entity form.",gemma,v1
J:\Genealogy\genealogy_pipeline\data\working\oocihm.lac_reel_c10639.543.jpg,printed_document,0.95,0.85,False,False,False,False,The image consists of typed text resembling a report or correspondence rather than a repeating tabular structure.,gemma,v1
J:\Genealogy\genealogy_pipeline\data\working\oocihm.lac_reel_c10639.544.jpg,printed_document,0.95,0.85,False,False,False,False,"The image consists of typed prose, likely a letter or report, without repeating tabular data structures.",gemma,v1
J:\Genealogy\genealogy_pipeline\data\working\oocihm.lac_reel_c10639.545.jpg,printed_document,0.95,0.75,False,False,False,False,The image contains typed prose resembling a letter or report without repeating tabular data structures.,gemma,v1
J:\Genealogy\genealogy_pipeline\data\working\oocihm.lac_reel_c10639.546.jpg,printed_document,0.95,0.4,False,False,False,False,"The image consists of typed prose, which fits the description of a printed document.",gemma,v1
J:\Genealogy\genealogy_pipeline\data\working\oocihm.lac_reel_c10639.547.jpg,printed_document,0.98,0.4,False,False,False,False,"The image contains typed prose, characteristic of a letter, without a repeating tabular structure.",gemma,v1
J:\Genealogy\genealogy_pipeline\data\working\oocihm.lac_reel_c10639.548.jpg,printed_document,0.98,0.3,False,False,False,False,"The image contains typed prose, characteristic of a letter, without a repeating tabular structure.",gemma,v1
J:\Genealogy\genealogy_pipeline\data\working\oocihm.lac_reel_c10639.549.jpg,printed_document,0.98,0.6,False,False,False,False,"The image is a typed letter, which falls under the printed_document category for prose.",gemma,v1
J:\Genealogy\genealogy_pipeline\data\working\oocihm.lac_reel_c10639.724.jpg,printed_document,0.98,0.75,False,False,False,False,"The image consists of typed prose forming a letter, which fits the definition of a printed document.",gemma,v1
J:\Genealogy\genealogy_pipeline\data\working\oocihm.lac_reel_c10639.725.jpg,printed_document,0.98,0.65,False,False,False,False,"The image consists of typed prose, resembling a letter or official correspondence, without repeating tabular data.",gemma,v1
J:\Genealogy\genealogy_pipeline\data\working\oocihm.lac_reel_c10639.726.jpg,printed_document,0.98,0.75,False,False,False,False,"The image contains typed prose in a letter format, which fits the definition of a printed document.",gemma,v1
J:\Genealogy\genealogy_pipeline\data\working\oocihm.lac_reel_c10639.728.jpg,printed_document,0.98,0.85,False,False,False,False,The image consists of typed prose and official notice text without any repeating tabular structure.,gemma,v1
J:\Genealogy\genealogy_pipeline\data\working\oocihm.lac_reel_c10639.729.jpg,printed_document,0.98,0.85,False,False,False,False,"The image consists of typed prose in a letter format, which fits the definition of a printed document.",gemma,v1
J:\Genealogy\genealogy_pipeline\data\working\oocihm.lac_reel_c10639.733.jpg,printed_document,0.95,0.6,True,False,False,False,The document appears to be a typed or printed letter with a handful of unique fields rather than repeated tabular data.,gemma,v1
J:\Genealogy\genealogy_pipeline\data\working\oocihm.lac_reel_c10639.746.jpg,printed_document,0.98,0.75,False,False,False,False,"The image contains typed prose and official correspondence, fitting the description of a printed document.",gemma,v1
J:\Genealogy\genealogy_pipeline\data\working\oocihm.lac_reel_c10639.747.jpg,printed_document,0.98,0.85,False,False,False,False,"The image consists of typed prose and official correspondence, fitting the description of a printed document.",gemma,v1
J:\Genealogy\genealogy_pipeline\data\working\oocihm.lac_reel_c10639.755.jpg,printed_document,0.95,0.3,True,False,False,False,"The image contains typed prose and a single letter format, fitting the description of a printed document.",gemma,v1
J:\Genealogy\genealogy_pipeline\data\working\oocihm.lac_reel_c10639.935.jpg,printed_document,0.98,0.85,False,False,False,False,"The image consists of typed prose, characteristic of a letter or official correspondence, without a repeating tabular structure.",gemma,v1
J:\Genealogy\genealogy_pipeline\data\working\oocihm.lac_reel_c10639.936.jpg,printed_document,0.98,0.75,True,False,False,False,"The image consists primarily of typed prose and a signature, fitting the description of a printed document.",gemma,v1
J:\Genealogy\genealogy_pipeline\data\working\oocihm.lac_reel_c10639.937.jpg,printed_document,0.98,0.85,False,False,False,False,"The image contains typed prose in the form of a letter, which fits the definition of a printed document.",gemma,v1
J:\Genealogy\genealogy_pipeline\data\working\oocihm.lac_reel_c10639.938.jpg,printed_document,0.98,0.3,False,False,False,False,The image contains typed prose forming a letter or official notice without a repeating tabular structure.,gemma,v1
J:\Genealogy\genealogy_pipeline\data\working\oocihm.lac_reel_c10639.939.jpg,printed_document,0.98,0.75,False,False,False,False,"The image consists primarily of typed prose and letterhead, fitting the description of a printed document.",gemma,v1
J:\Genealogy\genealogy_pipeline\data\working\oocihm.lac_reel_c10639.941.jpg,printed_document,0.98,0.75,False,False,False,False,"This is a typed certificate or official document with a handful of unique fields, fitting the printed_document classification.",gemma,v1
J:\Genealogy\genealogy_pipeline\data\working\oocihm.lac_reel_c10639.942.jpg,printed_document,0.98,0.85,False,False,False,False,"The image consists of typed prose, resembling a letter or official correspondence, without repeating tabular data.",gemma,v1
J:\Genealogy\genealogy_pipeline\data\working\oocihm.lac_reel_c10639.943.jpg,printed_document,0.98,0.85,False,False,False,False,"This document is a typed certificate with a handful of one-time labeled fields, fitting the printed_document definition.",gemma,v1
J:\Genealogy\genealogy_pipeline\data\working\oocihm.lac_reel_c10639.945.jpg,printed_document,0.98,0.85,False,False,False,False,The image consists of typed prose forming a letter or official communication without a repeating tabular structure.,gemma,v1
J:\Genealogy\genealogy_pipeline\data\working\oocihm.lac_reel_c10639.946.jpg,printed_document,0.98,0.85,True,False,False,False,"The document is a typed letter with a handful of labeled fields, fitting the description of a printed document.",gemma,v1
J:\Genealogy\genealogy_pipeline\data\working\oocihm.lac_reel_c10639.947.jpg,printed_document,0.98,0.85,True,False,False,False,"The image consists of typed prose, characteristic of a letter or official correspondence, without a repeating tabular structure.",gemma,v1
J:\Genealogy\genealogy_pipeline\data\working\oocihm.lac_reel_c10639.950.jpg,printed_document,0.98,0.85,False,False,False,False,"The image contains typed prose from a letter, fitting the description of a printed document.",gemma,v1
J:\Genealogy\genealogy_pipeline\data\working\oocihm.lac_reel_c10639.951.jpg,printed_document,0.98,0.85,False,False,False,False,"The image consists of typed prose forming a letter, which fits the definition of a printed document.",gemma,v1
J:\Genealogy\genealogy_pipeline\data\working\oocihm.lac_reel_c10639.952.jpg,printed_document,0.98,0.75,False,False,False,False,"The image consists of typed prose forming a letter, which fits the definition of a printed document.",gemma,v1
J:\Genealogy\genealogy_pipeline\data\working\oocihm.lac_reel_c10639.955.jpg,printed_document,0.95,0.4,True,False,False,False,"The image is a typed letter or official correspondence with a handful of labeled fields, fitting the printed_document definition.",gemma,v1
J:\Genealogy\genealogy_pipeline\data\working\oocihm.lac_reel_c10648.365.jpg,printed_document,0.98,0.6,False,False,False,False,"The image consists primarily of typed correspondence and official letterhead, fitting the description of a printed document.",gemma,v1
J:\Genealogy\genealogy_pipeline\data\working\oocihm.lac_reel_c10648.377.jpg,printed_document,0.98,0.85,False,False,False,False,"The image consists of typed prose, resembling a letter or official correspondence, without repeating tabular data.",gemma,v1
J:\Genealogy\genealogy_pipeline\data\working\oocihm.lac_reel_c10648.381.jpg,printed_document,0.98,0.85,False,False,False,False,"The image is a typed letter, which falls under the printed_document category as it is prose without a repeating tabular structure.",gemma,v1
J:\Genealogy\genealogy_pipeline\data\working\oocihm.lac_reel_c10648.401.jpg,printed_document,0.98,0.85,False,False,False,False,"This document is a typed official letter or certificate with a handful of unique fields, not repeating tabular data.",gemma,v1
J:\Genealogy\genealogy_pipeline\data\working\oocihm.lac_reel_c4656.966.jpg,printed_document,0.98,0.75,False,False,False,False,"The image contains typed prose structured as a letter or memorandum, fitting the printed_document category.",gemma,v1
J:\Genealogy\genealogy_pipeline\data\working\oocihm.lac_reel_c4726.100.jpg,printed_document,0.95,0.4,False,False,False,False,"This document appears to be a single, formal certificate or declaration with a handful of labeled fields, not repeated rows.",gemma,v1
J:\Genealogy\genealogy_pipeline\data\working\oocihm.lac_reel_c4726.101.jpg,printed_document,0.95,0.85,False,False,False,False,"The image is a typed form with a handful of labeled fields, fitting the description of a single-entity form.",gemma,v1
J:\Genealogy\genealogy_pipeline\data\working\oocihm.lac_reel_c4726.103.jpg,printed_document,0.95,0.6,False,False,False,False,"The image contains typed text and a single-entity form structure, fitting the printed_document classification.",gemma,v1
J:\Genealogy\genealogy_pipeline\data\working\oocihm.lac_reel_c4726.106.jpg,printed_document,0.98,0.65,False,False,False,False,"The image contains typed correspondence and form elements, fitting the description of a printed document.",gemma,v1
J:\Genealogy\genealogy_pipeline\data\working\oocihm.lac_reel_c4726.107.jpg,printed_document,0.95,0.3,False,False,False,False,"The image contains typed text and a single receipt-like structure, fitting the description of a printed document.",gemma,v1
J:\Genealogy\genealogy_pipeline\data\working\oocihm.lac_reel_c4726.110.jpg,printed_document,0.95,0.3,False,False,False,False,"The image contains typed text structured like a file reference and handwritten notes, fitting the description of a printed document.",gemma,v1
J:\Genealogy\genealogy_pipeline\data\working\oocihm.lac_reel_c4726.71.jpg,printed_document,0.98,0.85,False,False,False,False,"The image consists of typed prose, characteristic of a letter or official document, without a repeating tabular structure.",gemma,v1
J:\Genealogy\genealogy_pipeline\data\working\oocihm.lac_reel_c4726.72.jpg,printed_document,0.98,0.75,False,False,False,False,"The image consists of typed prose forming a letter, which fits the definition of a printed document.",gemma,v1
J:\Genealogy\genealogy_pipeline\data\working\oocihm.lac_reel_c4726.73.jpg,printed_document,0.98,0.85,False,False,False,False,"The image consists of typed correspondence and official letterhead, fitting the description of printed prose.",gemma,v1
J:\Genealogy\genealogy_pipeline\data\working\oocihm.lac_reel_c4726.77(1).jpg,printed_document,0.98,0.85,False,False,False,False,"The image consists of typed prose, characteristic of a letter or official correspondence, without a repeating tabular structure.",gemma,v1
J:\Genealogy\genealogy_pipeline\data\working\oocihm.lac_reel_c4726.77.jpg,printed_document,0.98,0.85,False,False,False,False,The image contains typed prose resembling a letter or document without repeating tabular data structures.,gemma,v1
J:\Genealogy\genealogy_pipeline\data\working\oocihm.lac_reel_c4726.84.jpg,printed_document,0.95,0.6,False,False,False,False,"The image contains typed prose, resembling a letter or official correspondence, without a repeating tabular structure.",gemma,v1
J:\Genealogy\genealogy_pipeline\data\working\oocihm.lac_reel_c4726.85.jpg,printed_document,0.98,0.65,True,False,False,False,"The image primarily consists of typed prose and a signature, fitting the description of a printed document.",gemma,v1
J:\Genealogy\genealogy_pipeline\data\working\oocihm.lac_reel_c4726.90.jpg,printed_document,0.98,0.75,False,False,False,False,"This is a single-entity certificate with a handful of labeled fields, fitting the definition of a printed document.",gemma,v1
J:\Genealogy\genealogy_pipeline\data\working\oocihm.lac_reel_c4726.99.jpg,printed_document,0.95,0.85,False,False,False,False,"This is a single-entity form with labeled fields, not a repeating tabular structure.",gemma,v1
J:\Genealogy\genealogy_pipeline\data\working\oocihm.lac_reel_c4771.1467.jpg,printed_document,0.98,0.85,False,False,False,False,"This is a single-entity application form with a handful of labeled fields, fitting the definition of a printed document.",gemma,v1
J:\Genealogy\genealogy_pipeline\data\working\oocihm.lac_reel_c4771.1468.jpg,printed_document,0.98,0.85,False,False,False,False,"The image consists of typed prose and a single-entity form structure, fitting the printed_document classification.",gemma,v1
J:\Genealogy\genealogy_pipeline\data\working\oocihm.lac_reel_c4771.1479.jpg,printed_document,0.98,0.85,False,False,False,False,"The image contains typed prose in the form of a letter, which fits the definition of a printed document.",gemma,v1
J:\Genealogy\genealogy_pipeline\data\working\oocihm.lac_reel_c4771.1483.jpg,printed_document,0.98,0.85,False,False,False,False,"The image consists of typed prose and a single signature, fitting the description of a printed document.",gemma,v1
J:\Genealogy\genealogy_pipeline\data\working\oocihm.lac_reel_c4771.1504.jpg,printed_document,0.98,0.4,False,False,False,False,"The image consists of typed prose, specifically a letter, without a repeating tabular structure.",gemma,v1
J:\Genealogy\genealogy_pipeline\data\working\oocihm.lac_reel_c4771.1511.jpg,printed_document,0.98,0.85,False,False,False,False,"The image is a typed letter, which falls under the printed_document category for prose.",gemma,v1
J:\Genealogy\genealogy_pipeline\data\working\oocihm.lac_reel_c4771.1532.jpg,printed_document,0.98,0.85,False,False,False,False,"The image consists of typed prose forming a report, which fits the definition of a printed document.",gemma,v1
J:\Genealogy\genealogy_pipeline\data\working\oocihm.lac_reel_c4771.1533.jpg,printed_document,0.98,0.4,False,False,False,False,The image consists of typed prose forming a letter or document without a repeating tabular structure.,gemma,v1
J:\Genealogy\genealogy_pipeline\data\working\oocihm.lac_reel_c7299.1058.jpg,printed_document,0.95,0.3,False,False,False,False,"The image contains typed prose and headings, fitting the description of a printed document.",gemma,v1
J:\Genealogy\genealogy_pipeline\data\working\oocihm.lac_reel_c7299.1237.jpg,printed_document,0.95,0.4,False,False,False,False,"The image contains typed text structured as a title and organizational information, fitting the description of a printed document.",gemma,v1
J:\Genealogy\genealogy_pipeline\data\working\oocihm.lac_reel_c7300.198.jpg,printed_document,0.98,0.85,False,False,False,False,The image consists of typed prose forming a letter or article without a repeating tabular structure.,gemma,v1
J:\Genealogy\genealogy_pipeline\data\working\oocihm.lac_reel_c7300.199.jpg,printed_document,0.98,0.85,False,False,False,False,The image consists of typed prose forming a letter or article without a repeating tabular structure.,gemma,v1
J:\Genealogy\genealogy_pipeline\data\working\oocihm.lac_reel_c7300.205.jpg,printed_document,0.98,0.85,False,False,False,False,"The image consists of typed prose forming a letter, which fits the definition of a printed document.",gemma,v1
J:\Genealogy\genealogy_pipeline\data\working\oocihm.lac_reel_c7300.206.jpg,printed_document,0.98,0.85,False,False,False,False,The image consists of typed prose forming a letter or official document without a repeating tabular structure.,gemma,v1
J:\Genealogy\genealogy_pipeline\data\working\oocihm.lac_reel_c7300.209.jpg,printed_document,0.98,0.85,False,False,False,False,The image contains typed prose resembling a letter or official correspondence without a repeating tabular structure.,gemma,v1
J:\Genealogy\genealogy_pipeline\data\working\oocihm.lac_reel_c7300.210.jpg,printed_document,0.98,0.85,False,False,False,False,"The image contains typed prose in a letter format, which fits the definition of a printed document.",gemma,v1
J:\Genealogy\genealogy_pipeline\data\working\oocihm.lac_reel_c7300.229.jpg,printed_document,0.98,0.75,False,False,False,False,"The image contains typed prose in a letter format, which fits the definition of a printed document.",gemma,v1
J:\Genealogy\genealogy_pipeline\data\working\oocihm.lac_reel_c7302.706.jpg,printed_document,0.98,0.85,False,False,False,False,"The image contains typed text and a single-entity form structure, fitting the definition of a printed document.",gemma,v1
J:\Genealogy\genealogy_pipeline\data\working\oocihm.lac_reel_c7302.794.jpg,printed_document,0.98,0.85,False,False,False,False,"The image contains typed prose in the form of a letter, which fits the definition of a printed document.",gemma,v1
J:\Genealogy\genealogy_pipeline\data\working\oocihm.lac_reel_c7302.795.jpg,printed_document,0.98,0.85,False,False,False,False,"The image consists of typed prose forming a letter, which fits the definition of a printed document.",gemma,v1
J:\Genealogy\genealogy_pipeline\data\working\oocihm.lac_reel_c7302.806.jpg,printed_document,0.95,0.75,False,False,False,False,"The image consists primarily of typed prose and official letter formatting, fitting the printed document category.",gemma,v1
J:\Genealogy\genealogy_pipeline\data\working\oocihm.lac_reel_c7302.819.jpg,printed_document,0.98,0.85,False,False,False,False,"The image is a typed letter or official correspondence, fitting the description of printed prose.",gemma,v1
J:\Genealogy\genealogy_pipeline\data\working\oocihm.lac_reel_c7302.823.jpg,printed_document,0.95,0.85,False,False,False,False,The image consists of typed prose structured like a letter or document rather than repeating tabular data.,gemma,v1
J:\Genealogy\genealogy_pipeline\data\working\oocihm.lac_reel_c7302.824.jpg,printed_document,0.95,0.85,False,False,False,False,"The image contains typed prose and a list structure, fitting the description of a printed document rather than a repeating tabular form.",gemma,v1
J:\Genealogy\genealogy_pipeline\data\working\oocihm.lac_reel_c7302.831.jpg,printed_document,0.98,0.75,False,False,False,False,"The image contains typed prose in a formal letter format, fitting the description of a printed document.",gemma,v1
J:\Genealogy\genealogy_pipeline\data\working\oocihm.lac_reel_c7306.1445.jpg,printed_document,0.95,0.85,False,False,False,False,The image contains typed prose resembling a letter or official correspondence without repeating tabular data.,gemma,v1
J:\Genealogy\genealogy_pipeline\data\working\oocihm.lac_reel_c7308.1337.jpg,printed_document,0.98,0.95,False,False,False,False,"The image contains typed text structured as a list of duties, fitting the description of a printed document.",gemma,v1
J:\Genealogy\genealogy_pipeline\data\working\oocihm.lac_reel_c7308.1365.jpg,printed_document,0.98,0.85,False,False,False,False,"The image consists of typed prose and official instructions, fitting the description of a printed document.",gemma,v1
J:\Genealogy\genealogy_pipeline\data\working\oocihm.lac_reel_c7308.1366.jpg,printed_document,0.98,0.85,False,False,False,False,"The image consists of continuous typed prose, fitting the description of a printed document.",gemma,v1
J:\Genealogy\genealogy_pipeline\data\working\oocihm.lac_reel_c7308.1367.jpg,printed_document,0.98,0.95,False,False,False,False,The image consists of typed prose forming a continuous document without a repeating tabular structure.,gemma,v1
J:\Genealogy\genealogy_pipeline\data\working\oocihm.lac_reel_c7311.1213.jpg,printed_document,0.98,0.95,False,False,False,False,"The image consists of continuous typed prose, fitting the description of a printed document.",gemma,v1
J:\Genealogy\genealogy_pipeline\data\working\oocihm.lac_reel_c7311.1254.jpg,printed_document,0.98,0.95,False,False,False,False,The image consists of typed prose forming a letter or article without any repeating tabular structure.,gemma,v1
J:\Genealogy\genealogy_pipeline\data\working\oocihm.lac_reel_c7311.1255.jpg,printed_document,0.95,0.75,False,False,False,False,"The document is a typed report with a structured, but not repetitive, layout of entries.",gemma,v1
J:\Genealogy\genealogy_pipeline\data\working\oocihm.lac_reel_c7311.1256.jpg,printed_document,0.95,0.75,False,False,False,False,The image contains typed prose forming a letter or article without a repeating tabular structure.,gemma,v1
J:\Genealogy\genealogy_pipeline\data\working\oocihm.lac_reel_c7311.1257.jpg,printed_document,0.98,0.4,False,False,False,False,"This is a single-entity form with a handful of labeled fields, fitting the definition of a printed document.",gemma,v1
J:\Genealogy\genealogy_pipeline\data\working\oocihm.lac_reel_c7315.157.jpg,printed_document,0.95,0.6,True,False,False,False,The document is a typed letter with a handful of unique fields rather than repeating tabular data.,gemma,v1
J:\Genealogy\genealogy_pipeline\data\working\oocihm.lac_reel_t2185.793.jpg,printed_document,0.95,0.75,False,False,False,False,The image contains typed prose and official letter formatting without repeating tabular data structures.,gemma,v1
J:\Genealogy\genealogy_pipeline\data\working\oocihm.lac_reel_t2185.794.jpg,printed_document,0.98,0.65,False,False,False,False,"The image contains typed prose and a single-entity letter format, fitting the printed_document category.",gemma,v1
J:\Genealogy\genealogy_pipeline\data\working\oocihm.lac_reel_t2185.799.jpg,printed_document,0.95,0.4,True,False,False,False,"The image contains handwritten entries in a form-like structure, but it does not exhibit the repetition characteristic of a dense tabular record.",gemma,v1
J:\Genealogy\genealogy_pipeline\data\working\Screenshot 2026-05-27 014243.png,printed_document,0.98,0.6,False,False,False,False,"The image consists of typed prose forming a preface, which fits the description of printed text.",gemma,v1
J:\Genealogy\genealogy_pipeline\data\working\Screenshot 2026-05-27 014302.png,printed_document,0.98,0.95,False,False,False,False,"The image consists of continuous typed prose, characteristic of a printed document.",gemma,v1
J:\Genealogy\genealogy_pipeline\data\working\Screenshot 2026-05-27 014328.png,printed_document,1.0,0.8,False,False,False,False,"The image consists of continuous typed prose, characteristic of a printed document.",gemma,v1
J:\Genealogy\genealogy_pipeline\data\working\Screenshot 2026-05-27 014432.png,printed_document,1.0,0.9,False,False,False,False,"The image consists of continuous typed prose, characteristic of a printed document.",gemma,v1
J:\Genealogy\genealogy_pipeline\data\working\Screenshot 2026-05-27 014519.png,printed_document,1.0,0.8,False,False,False,False,"The image consists of continuous typed prose, characteristic of a printed document.",gemma,v1
J:\Genealogy\genealogy_pipeline\data\working\Screenshot 2026-05-27 014629.png,printed_document,1.0,0.9,False,False,False,False,"The image consists of continuous typed prose, characteristic of a printed document.",gemma,v1
J:\Genealogy\genealogy_pipeline\data\working\Screenshot 2026-05-27 014738.png,printed_document,0.98,0.85,False,False,False,False,The image consists of continuous typed prose without any tabular structure or photographic elements.,gemma,v1
J:\Genealogy\genealogy_pipeline\data\working\Screenshot 2026-05-27 014849.png,printed_document,1.0,0.9,False,False,False,False,"The image consists of continuous typed prose, characteristic of a printed document.",gemma,v1
J:\Genealogy\genealogy_pipeline\data\working\Screenshot 2026-05-27 015333.png,printed_document,0.98,0.85,False,False,False,False,The image consists of continuous typed prose forming an article or text.,gemma,v1
J:\Genealogy\genealogy_pipeline\data\working\Screenshot 2026-05-27 015354.png,printed_document,0.98,0.85,False,False,False,False,"The image consists of continuous typed prose, characteristic of a printed document.",gemma,v1
J:\Genealogy\genealogy_pipeline\data\working\Screenshot 2026-05-27 015428.png,printed_document,0.98,0.85,False,False,False,False,"The image consists of continuous typed prose, characteristic of a letter or article.",gemma,v1
J:\Genealogy\genealogy_pipeline\data\working\Screenshot 2026-05-27 015512.png,printed_document,0.98,0.85,False,False,False,False,"The image consists of typed prose, characteristic of a letter or article, without any tabular structure.",gemma,v1
J:\Genealogy\genealogy_pipeline\data\working\Screenshot 2026-05-27 015622.png,printed_document,0.98,0.85,False,False,False,False,"The image consists of continuous typed prose, characteristic of a printed document.",gemma,v1
J:\Genealogy\genealogy_pipeline\data\working\Screenshot 2026-05-27 015710.png,printed_document,0.99,0.85,False,False,False,False,"The image consists of continuous typed prose, characteristic of a printed document.",gemma,v1
J:\Genealogy\genealogy_pipeline\data\working\Screenshot 2026-05-27 015945.png,printed_document,0.98,0.85,False,False,False,False,The image consists of continuous typed prose forming a narrative text.,gemma,v1
J:\Genealogy\genealogy_pipeline\data\working\Screenshot 2026-05-27 020002.png,printed_document,1.0,0.9,False,False,False,False,"The image consists of continuous typed prose, characteristic of a printed document.",gemma,v1
J:\Genealogy\genealogy_pipeline\data\working\Screenshot 2026-05-27 020023.png,printed_document,0.98,0.85,False,False,False,False,"The image consists of continuous typed prose, characteristic of a printed document.",gemma,v1
J:\Genealogy\genealogy_pipeline\data\working\Screenshot 2026-05-27 020044.png,printed_document,0.98,0.85,False,False,False,False,"The image consists of continuous typed prose, characteristic of a letter or article.",gemma,v1
J:\Genealogy\genealogy_pipeline\data\working\Screenshot 2026-05-27 020226.png,printed_document,0.98,0.85,False,False,False,False,"The image consists of continuous typed prose, characteristic of a letter or article.",gemma,v1
J:\Genealogy\genealogy_pipeline\data\working\Screenshot 2026-05-27 020245.png,printed_document,0.98,0.85,False,False,False,False,"The image consists of continuous typed prose, characteristic of a letter or article.",gemma,v1
J:\Genealogy\genealogy_pipeline\data\working\Screenshot 2026-05-27 020305.png,printed_document,1.0,0.9,False,False,False,False,"The image consists of continuous typed prose, characteristic of a printed document.",gemma,v1
J:\Genealogy\genealogy_pipeline\data\working\Screenshot 2026-05-27 020322.png,printed_document,0.98,0.95,False,False,False,False,"The image consists of continuous typed prose, characteristic of a letter or article.",gemma,v1
J:\Genealogy\genealogy_pipeline\data\working\Screenshot 2026-05-27 020344.png,printed_document,1.0,0.8,False,False,False,False,"The image consists of continuous typed prose, characteristic of a printed document.",gemma,v1
J:\Genealogy\genealogy_pipeline\data\working\Screenshot 2026-05-27 020402.png,printed_document,0.98,0.85,False,False,False,False,"The image consists of continuous typed prose, characteristic of a printed document.",gemma,v1
J:\Genealogy\genealogy_pipeline\data\working\Screenshot 2026-05-27 020420.png,printed_document,0.98,0.85,False,False,False,False,"The image consists of continuous typed prose, characteristic of a printed document.",gemma,v1
J:\Genealogy\genealogy_pipeline\data\working\Screenshot 2026-05-27 020438.png,printed_document,0.98,0.85,False,False,False,False,"The image consists of continuous typed prose, characteristic of a letter or article.",gemma,v1
J:\Genealogy\genealogy_pipeline\data\working\Screenshot 2026-05-27 020457.png,printed_document,0.98,0.85,False,False,False,False,"The image consists of continuous typed prose, characteristic of a printed document.",gemma,v1
J:\Genealogy\genealogy_pipeline\data\working\Screenshot 2026-05-27 020516.png,printed_document,0.98,0.85,False,False,False,False,"The image consists of continuous typed prose, characteristic of a letter or article.",gemma,v1
J:\Genealogy\genealogy_pipeline\data\working\Screenshot 2026-05-27 020538.png,printed_document,0.98,0.85,False,False,False,False,"The image consists of typed prose, characteristic of a letter or article, without a repeating tabular structure.",gemma,v1
J:\Genealogy\genealogy_pipeline\data\working\Screenshot 2026-05-27 020602.png,printed_document,1.0,0.9,False,False,False,False,"The image consists of continuous typed prose, characteristic of a printed document.",gemma,v1
J:\Genealogy\genealogy_pipeline\data\working\Screenshot 2026-05-27 020620.png,printed_document,0.98,0.85,False,False,False,False,"The image consists of continuous typed prose, characteristic of a printed document.",gemma,v1
J:\Genealogy\genealogy_pipeline\data\working\Screenshot 2026-05-27 020638.png,printed_document,0.98,0.85,False,False,False,False,The image consists of continuous printed prose forming an article or letter.,gemma,v1
J:\Genealogy\genealogy_pipeline\data\working\Screenshot 2026-05-27 020658.png,printed_document,1.0,0.9,False,False,False,False,"The image consists of continuous typed prose, characteristic of a printed document.",gemma,v1
J:\Genealogy\genealogy_pipeline\data\working\Screenshot 2026-05-27 020737.png,printed_document,1.0,0.8,False,False,False,False,"The image consists of continuous typed prose, characteristic of a letter or article.",gemma,v1
J:\Genealogy\genealogy_pipeline\data\working\Screenshot 2026-05-27 020806.png,printed_document,0.98,0.85,False,False,False,False,The image consists of continuous typed prose forming an article or letter.,gemma,v1
J:\Genealogy\genealogy_pipeline\data\working\Screenshot 2026-05-27 020824.png,printed_document,0.98,0.85,False,False,False,False,"The image consists of continuous typed prose, characteristic of a letter or article.",gemma,v1
J:\Genealogy\genealogy_pipeline\data\working\Screenshot 2026-05-27 020849.png,printed_document,0.98,0.85,False,False,False,False,"The image consists of continuous typed prose, characteristic of a letter or article.",gemma,v1
J:\Genealogy\genealogy_pipeline\data\working\Screenshot 2026-05-27 020926.png,printed_document,0.99,0.85,False,False,False,False,"The image consists of continuous typed prose, characteristic of a letter or article.",gemma,v1
J:\Genealogy\genealogy_pipeline\data\working\Screenshot 2026-05-27 021010.png,printed_document,0.98,0.85,False,False,False,False,"The image consists of continuous typed prose, characteristic of a printed document.",gemma,v1
J:\Genealogy\genealogy_pipeline\data\working\Screenshot 2026-05-27 021031.png,printed_document,0.98,0.85,False,False,False,False,"The image consists of continuous typed prose, characteristic of a letter or article.",gemma,v1
J:\Genealogy\genealogy_pipeline\data\working\Screenshot 2026-05-27 021054.png,printed_document,0.98,0.85,False,False,False,False,"The image consists of typed prose, characteristic of a letter or article, without any tabular structure.",gemma,v1
J:\Genealogy\genealogy_pipeline\data\working\Screenshot 2026-05-27 021112.png,printed_document,0.98,0.85,False,False,False,False,"The image consists of continuous typed prose, characteristic of a letter or article.",gemma,v1
J:\Genealogy\genealogy_pipeline\data\working\Screenshot 2026-05-27 021209.png,printed_document,0.98,0.85,False,False,False,False,"The image consists of continuous typed prose, characteristic of a letter or article.",gemma,v1
J:\Genealogy\genealogy_pipeline\data\working\Screenshot 2026-05-27 021324.png,printed_document,0.98,0.75,False,False,False,False,The image consists of continuous typed prose forming an excerpt from a printed text.,gemma,v1
J:\Genealogy\genealogy_pipeline\data\working\Screenshot 2026-05-27 021346.png,printed_document,0.98,0.85,False,False,False,False,"The image consists of continuous typed prose, characteristic of a printed document.",gemma,v1
J:\Genealogy\genealogy_pipeline\data\working\Screenshot 2026-05-27 021407.png,printed_document,0.98,0.85,False,False,False,False,"The image consists of continuous typed prose, characteristic of a letter or article.",gemma,v1
J:\Genealogy\genealogy_pipeline\data\working\Screenshot 2026-05-27 021441.png,printed_document,0.98,0.85,False,False,False,False,"The image consists of continuous typed prose, characteristic of a printed document.",gemma,v1
J:\Genealogy\genealogy_pipeline\data\working\Screenshot 2026-05-27 021525.png,printed_document,0.98,0.95,False,False,False,False,"The image consists of continuous typed prose, characteristic of a printed document.",gemma,v1
J:\Genealogy\genealogy_pipeline\data\working\file_0000000007387230a26885d414296273.png,printed_document,0.98,0.85,False,False,False,False,"The image is a printed document containing formal text and signatures, not a repeating tabular structure.",gemma,v1
J:\Genealogy\genealogy_pipeline\data\working\file_00000000098c7230a2f62d8a5c66c1ca.png,printed_document,0.98,0.85,False,False,False,False,"The image is a printed document containing formal text and signatures, not a repeating tabular structure.",gemma,v1
J:\Genealogy\genealogy_pipeline\data\working\file_00000000180c72309defb439b62d70a5.png,printed_document,0.98,0.85,False,False,False,False,"This is a typed document containing formal text and signatures, fitting the description of a printed document.",gemma,v1
J:\Genealogy\genealogy_pipeline\data\working\file_0000000043087230a0deab7d2e0d29ad.png,printed_document,0.98,0.85,False,False,False,False,"The image is a formal, typed document with a single-entity form structure, not a repeating tabular record.",gemma,v1
J:\Genealogy\genealogy_pipeline\data\working\file_0000000059d87230bcacb8ff3f0a32a3.png,printed_document,0.98,0.85,False,False,False,False,"The image is a printed document containing formal text and signatures, not a repeating tabular structure.",gemma,v1
J:\Genealogy\genealogy_pipeline\data\working\file_0000000064a07230bf0c0f327439009b.png,printed_document,0.98,0.85,False,False,False,False,"The image is a printed document containing formal text and signatures, not a repeating tabular structure.",gemma,v1
J:\Genealogy\genealogy_pipeline\data\working\file_000000006a807230a13055bc23759b2d.png,printed_document,0.98,0.75,True,False,False,False,"The document is a single-entity form with labeled fields, fitting the definition of a printed document rather than a repeating tabular structure.",gemma,v1
J:\Genealogy\genealogy_pipeline\data\working\file_000000007e047230be4d4790c10adcf5.png,printed_document,0.98,0.85,False,False,False,False,The image is a printed document containing prose and formal text without repeating tabular data structures.,gemma,v1
J:\Genealogy\genealogy_pipeline\data\working\file_00000000866c723084713e7b8c689980.png,printed_document,0.98,0.85,False,False,False,False,"The image is a typed document containing prose and formal declarations, fitting the printed_document category.",gemma,v1
J:\Genealogy\genealogy_pipeline\data\working\file_000000008a0c71fb881f50f273314ba2.png,printed_document,0.95,0.85,False,False,False,False,"The image contains continuous prose typical of a written narrative, fitting the definition of a printed document.",gemma,v1
J:\Genealogy\genealogy_pipeline\data\working\file_000000008cbc72309d656e146c35a12d.png,printed_document,0.98,0.95,False,False,False,False,The image is a printed document containing formal text and legal language without repeating tabular data.,gemma,v1
J:\Genealogy\genealogy_pipeline\data\working\file_000000009f8c7230b2da9ac296722b00.png,printed_document,0.98,0.85,False,False,False,False,The image is a printed document containing prose and formal declarations rather than repeating tabular data.,gemma,v1
J:\Genealogy\genealogy_pipeline\data\working\file_00000000bf0c7230b40f64022a4e4d41.png,printed_document,0.98,0.95,False,False,False,False,The image is a printed document containing prose and formal declarations rather than a repeating tabular structure.,gemma,v1
J:\Genealogy\genealogy_pipeline\data\working\file_00000000c9047230a88bce1cf522d47b.png,printed_document,0.98,0.95,False,False,False,False,"The image is a typed document, likely a land grant, with a single-entity form structure rather than repeated tabular data.",gemma,v1
J:\Genealogy\genealogy_pipeline\data\working\file_00000000cb307230a261b3b8c337f32c.png,printed_document,0.98,0.85,False,False,False,False,The image is a typed document presenting a grant or legal statement without repeating tabular data.,gemma,v1
J:\Genealogy\genealogy_pipeline\data\working\file_00000000d8c47230ab471549f7c876e1.png,printed_document,0.98,0.95,False,False,False,False,This is a typed document resembling a land grant or official proclamation with a single entity's information.,gemma,v1
J:\Genealogy\genealogy_pipeline\data\working\file_00000000e4f47230b5bb118f31976af8.png,printed_document,0.98,0.85,False,False,False,False,"The image is a typed document with a formal structure and a handful of unique fields, fitting the printed_document classification.",gemma,v1
J:\Genealogy\genealogy_pipeline\data\working\Screenshot 2026-05-05 185720.png,printed_document,0.95,0.8,False,False,False,False,"The image consists of typed prose, which fits the definition of a printed document.",gemma,v1
J:\Genealogy\genealogy_pipeline\data\working\Screenshot 2026-05-05 190757.png,printed_document,0.95,0.8,False,False,False,False,"The image contains a single, formal inscription on a stone monument, fitting the description of a printed document.",gemma,v1
J:\Genealogy\genealogy_pipeline\data\working\Screenshot 2026-05-05 194113.png,printed_document,0.95,0.98,False,False,False,False,The document appears to be a title page or cover sheet with a handful of labeled fields rather than repeating tabular data.,gemma,v1
J:\Genealogy\genealogy_pipeline\data\working\Screenshot 2026-05-05 195520.png,printed_document,0.95,0.8,False,False,False,False,The document presents a single-entity record with labeled fields rather than repeating tabular data.,gemma,v1
J:\Genealogy\genealogy_pipeline\data\working\Screenshot 2026-05-05 200518.png,printed_document,0.95,0.85,False,False,False,False,The document presents a single record with labeled fields rather than repeating tabular data.,gemma,v1
J:\Genealogy\genealogy_pipeline\data\working\Screenshot 2026-05-05 201327.png,printed_document,0.95,0.7,True,False,False,False,"The image consists primarily of formal, typed prose resembling a letter or official correspondence.",gemma,v1
J:\Genealogy\genealogy_pipeline\data\working\Screenshot 2026-05-05 201801.png,printed_document,0.98,0.95,False,False,False,False,"This is a single, formally printed document with labeled fields, not a repeating tabular structure.",gemma,v1
J:\Genealogy\genealogy_pipeline\data\working\Screenshot 2026-05-05 202037.png,printed_document,0.98,0.4,False,False,False,False,"The document is a formal printed form with a handful of single-entity fields, fitting the printed_document classification.",gemma,v1
J:\Genealogy\genealogy_pipeline\data\working\Screenshot 2026-05-05 202834.png,printed_document,0.95,0.8,False,False,False,False,"The document is a textual fragment describing an occurrence and historical context, fitting the description of printed prose.",gemma,v1
J:\Genealogy\genealogy_pipeline\data\working\Screenshot 2026-05-05 212616.png,printed_document,0.95,0.1,False,False,False,False,"The image is a photograph of a building and garden, which falls under a general document type category.",gemma,v1
J:\Genealogy\genealogy_pipeline\data\working\Screenshot 2026-05-05 215350.png,printed_document,1.0,0.9,False,False,False,False,The image consists of typed prose forming an article or historical text without a repeating tabular structure.,gemma,v1
J:\Genealogy\genealogy_pipeline\data\working\Screenshot 2026-05-05 224726.png,printed_document,0.95,0.7,False,False,False,False,"The image consists of continuous prose, characteristic of a letter or document, without a repeating tabular structure.",gemma,v1
J:\Genealogy\genealogy_pipeline\data\working\Screenshot 2026-05-05 225306.png,printed_document,0.95,0.7,True,False,False,False,"The image contains prose text that does not follow a repetitive tabular structure, classifying it as a printed document.",gemma,v1
J:\Genealogy\genealogy_pipeline\data\working\Screenshot 2026-05-05 225420.png,printed_document,0.95,0.8,False,False,False,False,"The image consists of typed prose, characteristic of a letter or document, without a repeating tabular structure.",gemma,v1
J:\Genealogy\genealogy_pipeline\data\working\Screenshot 2026-05-05 225442.png,printed_document,0.95,0.7,True,False,False,False,"The image consists of prose written in a cursive style, fitting the description of a printed document or letter.",gemma,v1
J:\Genealogy\genealogy_pipeline\data\working\Screenshot 2026-05-05 225515.png,printed_document,0.95,0.8,False,False,False,False,"The image consists of prose text without a repeating tabular structure, fitting the description of a printed document.",gemma,v1
J:\Genealogy\genealogy_pipeline\data\working\Screenshot 2026-05-05 225700.png,printed_document,0.95,0.8,True,False,False,False,"The image consists of prose text, characteristic of a printed document, without a repeating tabular structure.",gemma,v1
J:\Genealogy\genealogy_pipeline\data\working\Screenshot 2026-05-05 225928.png,printed_document,0.95,0.98,False,False,False,False,"The image consists of typed prose, fitting the description of a printed document.",gemma,v1
J:\Genealogy\genealogy_pipeline\data\working\Screenshot 2026-05-05 230009.png,printed_document,0.95,0.85,False,False,False,False,The image consists of continuous typed prose without a repeating tabular structure or form layout.,gemma,v1
J:\Genealogy\genealogy_pipeline\data\working\Screenshot 2026-05-05 230039.png,printed_document,0.95,0.85,False,False,False,False,"The image consists of continuous prose, characteristic of a printed document, without a repeating tabular structure.",gemma,v1
J:\Genealogy\genealogy_pipeline\data\working\Screenshot 2026-05-05 230131.png,printed_document,0.98,0.85,False,False,False,False,The image consists of continuous typed prose without any tabular structure or repeating rows.,gemma,v1
J:\Genealogy\genealogy_pipeline\data\working\Screenshot 2026-05-05 230327.png,printed_document,0.98,0.85,False,False,False,False,"The image consists of continuous prose, characteristic of printed text, without any tabular structure or repeating rows.",gemma,v1
J:\Genealogy\genealogy_pipeline\data\working\Screenshot 2026-05-05 230537.png,printed_document,0.95,0.98,False,False,False,False,The image consists of continuous typed prose without a repeating tabular structure or a complex chart layout.,gemma,v1
J:\Genealogy\genealogy_pipeline\data\working\Screenshot 2026-05-05 230638.png,printed_document,0.95,0.85,False,False,False,False,The image consists of continuous typed prose without a repeating tabular structure or a complex chart layout.,gemma,v1
J:\Genealogy\genealogy_pipeline\data\working\Screenshot 2026-05-05 230803.png,printed_document,0.95,0.8,True,False,False,False,"The image contains prose text written in a script, fitting the description of a printed document or letter.",gemma,v1
J:\Genealogy\genealogy_pipeline\data\working\Screenshot 2026-05-05 230902.png,printed_document,0.95,0.8,False,False,False,False,"The image consists of typed prose, characteristic of a letter or document, without a repeating tabular structure.",gemma,v1
J:\Genealogy\genealogy_pipeline\data\working\Screenshot 2026-05-05 231219.png,printed_document,0.95,0.8,True,False,False,False,"The image consists of prose text, characteristic of a letter or document, without a repeating tabular structure.",gemma,v1
J:\Genealogy\genealogy_pipeline\data\working\Screenshot 2026-05-05 231241.png,printed_document,0.98,0.95,False,False,False,False,"The image consists of continuous typed prose, fitting the description of a printed document.",gemma,v1
J:\Genealogy\genealogy_pipeline\data\working\Screenshot 2026-05-05 231328.png,printed_document,0.95,0.85,False,False,False,False,"The image consists of typed prose, fitting the description of a printed document.",gemma,v1
J:\Genealogy\genealogy_pipeline\data\working\Screenshot 2026-05-05 231416.png,printed_document,0.98,0.75,False,False,False,False,"The image contains typed prose, characteristic of a letter or document, without a repeating tabular structure.",gemma,v1
J:\Genealogy\genealogy_pipeline\data\working\Screenshot 2026-05-05 231509.png,printed_document,0.95,0.8,True,False,False,False,"The image contains prose text, characteristic of a printed document, rather than a repeating tabular structure.",gemma,v1
J:\Genealogy\genealogy_pipeline\data\working\Screenshot 2026-05-05 231705.png,printed_document,0.95,0.7,False,False,False,False,"The image contains prose text without a repeating tabular structure, fitting the description of a printed document.",gemma,v1
J:\Genealogy\genealogy_pipeline\data\working\Screenshot 2026-05-05 231804.png,printed_document,0.95,0.8,False,False,False,False,"The image consists of prose text, characteristic of a letter or document, without a repeating tabular structure.",gemma,v1
J:\Genealogy\genealogy_pipeline\data\working\Screenshot 2026-05-05 231902.png,printed_document,0.95,0.7,True,False,False,False,"The image contains prose text without a repeating tabular structure, fitting the description of a printed document.",gemma,v1
J:\Genealogy\genealogy_pipeline\data\working\Screenshot 2026-05-05 232152.png,printed_document,0.95,0.85,True,False,False,False,"The image consists of continuous prose, characteristic of a letter or document, without a repeating tabular structure.",gemma,v1
J:\Genealogy\genealogy_pipeline\data\working\Screenshot 2026-05-05 232233.png,printed_document,0.95,0.7,True,False,False,False,"The image contains prose text without a repeating tabular structure, fitting the description of a printed document.",gemma,v1
J:\Genealogy\genealogy_pipeline\data\working\Screenshot 2026-05-05 232625.png,printed_document,0.95,0.8,False,False,False,False,"The image consists of typed prose, fitting the description of a printed document without a tabular structure.",gemma,v1
J:\Genealogy\genealogy_pipeline\data\working\Screenshot 2026-05-05 232738.png,printed_document,0.95,0.8,False,False,False,False,"The image contains prose text without a repeating tabular structure, fitting the description of a printed document.",gemma,v1
J:\Genealogy\genealogy_pipeline\data\working\Screenshot 2026-05-05 232802.png,printed_document,0.95,0.8,False,False,False,False,"The image contains prose text without a repeating tabular structure, fitting the description of a printed document.",gemma,v1
J:\Genealogy\genealogy_pipeline\data\working\Screenshot 2026-05-05 234708.png,printed_document,0.98,0.95,False,False,False,False,"The image consists of typed prose, fitting the description of a printed document without a repeating tabular structure.",gemma,v1
J:\Genealogy\genealogy_pipeline\data\working\Screenshot 2026-05-05 235423.png,printed_document,0.95,0.8,False,False,False,False,"The document is typed prose detailing passenger and crew lists, fitting the description of printed text.",gemma,v1
J:\Genealogy\genealogy_pipeline\data\working\Screenshot 2026-05-06 001943.png,printed_document,0.95,0.98,False,False,False,False,"The image consists of continuous typed prose, characteristic of a printed document.",gemma,v1
J:\Genealogy\genealogy_pipeline\data\working\Screenshot 2026-05-06 011629.png,printed_document,0.98,0.95,False,False,False,False,"The image consists of continuous typed prose, characteristic of a letter or article.",gemma,v1
J:\Genealogy\genealogy_pipeline\data\working\Screenshot 2026-05-06 011658.png,printed_document,0.98,0.95,False,False,False,False,The image consists of continuous typed prose without any tabular structure or repeating rows.,gemma,v1
J:\Genealogy\genealogy_pipeline\data\working\Screenshot 2026-05-06 011737.png,printed_document,0.98,0.95,False,False,False,False,"The image consists of continuous typed prose, fitting the description of a printed document.",gemma,v1
J:\Genealogy\genealogy_pipeline\data\working\Screenshot 2026-05-06 012202.png,printed_document,0.98,0.85,False,False,False,False,"The image consists of typed prose, characteristic of a letter or document, without a repeating tabular structure.",gemma,v1
J:\Genealogy\genealogy_pipeline\data\working\Screenshot 2026-05-06 012227.png,printed_document,0.95,0.85,False,False,False,False,The image consists of continuous typed prose without a repeating tabular structure or a complex chart layout.,gemma,v1
J:\Genealogy\genealogy_pipeline\data\working\Screenshot 2026-05-06 012336.png,printed_document,0.95,0.4,True,False,False,False,"The image contains prose written in a script, fitting the description of a printed document or letter.",gemma,v1
J:\Genealogy\genealogy_pipeline\data\working\Screenshot 2026-05-06 013322.png,printed_document,0.95,0.98,False,False,False,False,"The image appears to be a typed or printed document, likely a historical record or certificate, with a single entity's information rather than repeated rows.",gemma,v1
J:\Genealogy\genealogy_pipeline\data\working\Screenshot 2026-05-06 022031.png,printed_document,0.95,0.7,True,False,False,False,"The image contains prose text written in a script, fitting the description of a printed document format.",gemma,v1
J:\Genealogy\genealogy_pipeline\data\working\Screenshot 2026-05-06 022159.png,printed_document,0.95,0.8,False,False,False,False,"The image consists of continuous prose, characteristic of a printed document, without a tabular structure or repeated rows.",gemma,v1
J:\Genealogy\genealogy_pipeline\data\working\Screenshot 2026-05-06 022946.png,printed_document,0.95,0.8,False,False,False,False,The document presents a single record with labeled fields rather than repeating rows of data.,gemma,v1
J:\Genealogy\genealogy_pipeline\data\working\Screenshot 2026-05-06 081525.png,printed_document,0.98,0.95,False,False,False,False,"The image consists of continuous typed prose, characteristic of a printed document.",gemma,v1
J:\Genealogy\genealogy_pipeline\data\working\Screenshot 2026-05-07 203820.png,printed_document,1.0,1.0,False,False,False,False,The image contains continuous typed prose without a repeating tabular structure or a complex chart layout.,gemma,v1
J:\Genealogy\genealogy_pipeline\data\working\Screenshot 2026-05-06 075139.png,printed_document,1.0,0.8,False,False,False,False,"The image consists of typed prose forming a welcome message, which fits the definition of printed document.",gemma,v1
J:\Genealogy\genealogy_pipeline\data\working\Screenshot 2026-05-05 072720.png,printed_document,0.98,0.95,False,False,False,False,"The image consists of continuous typed prose, characteristic of a printed document.",gemma,v1
J:\Genealogy\genealogy_pipeline\data\working\Screenshot 2026-05-05 073141.png,printed_document,1.0,0.9,False,False,False,False,"The image consists of continuous typed prose, fitting the description of a printed document.",gemma,v1
J:\Genealogy\genealogy_pipeline\data\working\Screenshot 2026-05-05 074040.png,printed_document,0.98,0.85,False,False,False,False,The image consists of typed prose forming a biographical text without a repeating tabular structure.,gemma,v1
J:\Genealogy\genealogy_pipeline\data\working\Screenshot 2026-05-05 074834.png,printed_document,0.95,0.8,False,False,False,False,"The input is continuous prose, characteristic of printed text, without a repeating tabular structure or chart layout.",gemma,v1
J:\Genealogy\genealogy_pipeline\data\working\Screenshot 2026-05-05 081546.png,printed_document,0.98,0.95,False,False,False,False,The image consists of typed prose forming an article or biographical text without a repeating tabular structure.,gemma,v1
J:\Genealogy\genealogy_pipeline\data\working\Screenshot 2026-05-05 081619.png,printed_document,0.98,0.95,False,False,False,False,"The image consists of typed prose detailing marriage records, fitting the description of printed text.",gemma,v1
J:\Genealogy\genealogy_pipeline\data\working\e002845577.jpg,printed_document,0.98,0.85,False,False,False,False,"The image consists of typed prose and formal document structure, fitting the description of a printed document.",gemma,v1
J:\Genealogy\genealogy_pipeline\data\working\e002954802.jpg,printed_document,0.98,0.85,False,False,False,False,"The image consists of typed prose and formal text, fitting the description of a printed document.",gemma,v1
J:\Genealogy\genealogy_pipeline\data\working\e002962183.jpg,printed_document,0.95,0.85,False,False,False,False,The image consists primarily of printed text and formal document structure without repeating tabular data.,gemma,v1
J:\Genealogy\genealogy_pipeline\data\working\e002964963.jpg,printed_document,0.98,0.85,False,False,False,False,"The image is a typed document with a formal layout and a handful of unique fields, fitting the printed_document classification.",gemma,v1
J:\Genealogy\genealogy_pipeline\data\working\e002964973.jpg,printed_document,0.98,0.85,False,False,False,False,"The image is a typed document containing prose and formal headings, fitting the description of a printed document.",gemma,v1
J:\Genealogy\genealogy_pipeline\data\working\file_00000000297871fba1e314a541c06e46.png,printed_document,0.98,0.85,False,False,False,False,"The image consists of continuous typed prose, fitting the description of a printed document.",gemma,v1
J:\Genealogy\genealogy_pipeline\data\working\file_0000000073f071fbb53b77ae7edd6d8d.png,printed_document,1.0,0.95,False,False,False,False,The image consists of typed prose forming an article or letter without any repeating tabular structure.,gemma,v1
J:\Genealogy\genealogy_pipeline\data\working\file_00000000b85471fb9667b0cd049d1767.png,printed_document,0.98,0.85,False,False,False,False,The image consists of typed prose forming a historical document without a repeating tabular structure.,gemma,v1
J:\Genealogy\genealogy_pipeline\data\working\file_00000000cbec71fb80a164ef33216719.png,printed_document,1.0,0.8,False,False,False,False,The image consists of continuous typed prose forming an article or text.,gemma,v1
J:\Genealogy\genealogy_pipeline\data\working\file_00000000d4a071fb84db821e280a8ca0.png,printed_document,0.98,0.85,False,False,False,False,The image consists of typed prose forming a biographical or narrative text without a repeating tabular structure.,gemma,v1
J:\Genealogy\genealogy_pipeline\data\working\file_00000000ee9c71fbad94cc558eba8d5e.png,printed_document,0.98,0.85,False,False,False,False,"The image consists of continuous typed prose, characteristic of a printed document.",gemma,v1
J:\Genealogy\genealogy_pipeline\data\working\R21W-045.jpg,printed_document,0.98,0.85,False,False,False,False,"The image is a printed plan document with structured headings and lines, not a repeating tabular record.",gemma,v1
J:\Genealogy\genealogy_pipeline\data\working\Screenshot 2026-05-09 020237.png,printed_document,0.98,0.85,False,False,False,False,The image contains continuous typed prose forming an article or historical text without a repeating tabular structure.,gemma,v1
J:\Genealogy\genealogy_pipeline\data\working\30927_2000915002-03611.jpg,printed_document,0.98,0.95,False,False,False,False,"This is a single-entity form with a handful of labeled fields, fitting the definition of a printed document.",gemma,v1
J:\Genealogy\genealogy_pipeline\data\working\e002806008.jpg,printed_document,0.98,0.85,False,False,False,False,"The image is a typed document, likely a formal certificate or letter, with a handful of unique fields rather than repeated rows.",gemma,v1
J:\Genealogy\genealogy_pipeline\data\working\file_00000000e4f47230b5bb118f31976af8_1.png,printed_document,0.98,0.85,False,False,False,False,"The image is a typed document with a formal structure and a handful of unique fields, fitting the printed_document classification.",gemma,v1
J:\Genealogy\genealogy_pipeline\data\working\Screenshot 2026-05-03 134309.png,printed_document,0.98,0.85,False,False,False,False,"This is a single-entity marriage certificate, which is a printed form with a handful of one-time labeled fields.",gemma,v1
J:\Genealogy\genealogy_pipeline\data\working\Screenshot 2026-05-03 135247.png,printed_document,0.95,0.8,False,False,False,False,"The image displays a printed memorial or inscription with a handful of distinct, non-repeating text fields.",gemma,v1
J:\Genealogy\genealogy_pipeline\data\working\Screenshot 2026-05-06 022142.png,printed_document,0.95,0.98,False,False,False,False,"The image consists of continuous typed prose, fitting the description of a printed document.",gemma,v1
J:\Genealogy\genealogy_pipeline\data\working\Screenshot 2026-05-06 022248.png,printed_document,0.95,0.9,True,False,False,False,"The image contains prose text without a repeating tabular structure, fitting the description of a printed document.",gemma,v1
J:\Genealogy\genealogy_pipeline\data\working\Screenshot 2026-05-06 233444.png,printed_document,0.95,0.98,False,False,False,False,The record presents a handful of facts about one entity rather than repeating similar rows of data.,gemma,v1
J:\Genealogy\genealogy_pipeline\data\working\Screenshot 2026-05-07 003259.png,printed_document,0.95,0.8,False,False,False,False,"The image consists of typed prose, fitting the description of a printed document.",gemma,v1
J:\Genealogy\genealogy_pipeline\data\working\Screenshot 2026-05-08 081513.png,printed_document,0.98,0.85,False,False,False,False,"This image consists of structured, single-entity marriage records, which are classified as printed documents rather than dense tabular data.",gemma,v1
J:\Genealogy\genealogy_pipeline\data\working\Screenshot 2026-05-08 081534.png,printed_document,0.98,0.85,False,True,False,False,"This document is a single-entity form with labeled fields, characteristic of a printed marriage certificate.",gemma,v1
J:\Genealogy\genealogy_pipeline\data\working\Screenshot 2026-05-08 082858.png,printed_document,0.98,0.95,False,False,False,False,"The image contains typed prose without a repeating tabular structure, fitting the definition of a printed document.",gemma,v1
J:\Genealogy\genealogy_pipeline\data\working\Screenshot 2026-05-08 202611.png,printed_document,0.98,0.95,False,False,False,False,"The image consists of typed prose, fitting the description of a printed document without a repeating tabular structure.",gemma,v1
J:\Genealogy\genealogy_pipeline\data\working\Screenshot 2026-05-08 203413.png,printed_document,0.98,0.95,False,False,False,False,"The image contains typed prose, which fits the description of a printed document without a repeating tabular structure.",gemma,v1
J:\Genealogy\genealogy_pipeline\data\working\Screenshot 2026-05-09 015822.png,printed_document,0.95,0.7,False,False,False,False,"The image displays a single, structured memorial inscription, fitting the description of a single-entity form with labeled fields.",gemma,v1
J:\Genealogy\genealogy_pipeline\data\working\Screenshot 2026-05-09 111537.png,printed_document,0.95,0.8,False,False,False,False,"The image contains printed text and a logo, fitting the description of a printed document without tabular repetition.",gemma,v1
J:\Genealogy\genealogy_pipeline\data\working\Screenshot 2026-05-14 012033.png,printed_document,0.98,0.6,False,False,False,False,"The document is a typed official form with a handful of single-entity fields, fitting the printed_document classification.",gemma,v1
J:\Genealogy\genealogy_pipeline\data\working\e003012222.jpg,printed_document,0.98,0.85,False,False,False,False,"The image is a typed document containing prose and formal titles, fitting the description of a printed document.",gemma,v1
J:\Genealogy\genealogy_pipeline\data\working\e002830109.jpg,printed_document,0.98,0.85,False,False,False,False,The image consists primarily of typed text and formal document structure without repeating tabular data.,gemma,v1
J:\Genealogy\genealogy_pipeline\data\working\e002956268.jpg,printed_document,0.95,0.85,False,False,False,False,The image consists primarily of typed text and formal document structure without repeating tabular data.,gemma,v1
J:\Genealogy\genealogy_pipeline\data\working\e002958143.jpg,printed_document,0.95,0.85,False,False,False,False,"The image contains printed text and a formal document structure, fitting the description of a printed document.",gemma,v1
J:\Genealogy\genealogy_pipeline\data\working\e002973987.jpg,printed_document,0.98,0.85,False,False,False,False,The image consists primarily of typed prose and formal document structure rather than repeating tabular data.,gemma,v1
J:\Genealogy\genealogy_pipeline\data\working\e005271313.jpg,printed_document,0.98,0.85,False,False,False,False,"The image consists of typed prose and formal document structure, fitting the description of a printed document.",gemma,v1
J:\Genealogy\genealogy_pipeline\data\working\Screenshot 2026-05-09 030906.png,printed_document,0.98,0.85,False,False,False,False,"The image contains typed prose forming an article or text, which fits the printed_document category.",gemma,v1
J:\Genealogy\genealogy_pipeline\data\working\Screenshot 2026-05-09 031117.png,printed_document,1.0,0.8,False,False,False,False,The image consists of continuous typed prose forming an article or text.,gemma,v1
J:\Genealogy\genealogy_pipeline\data\working\Screenshot 2026-05-09 031431.png,printed_document,1.0,0.8,False,False,False,False,The image consists of continuous typed prose forming an article or text.,gemma,v1
J:\Genealogy\genealogy_pipeline\data\working\Screenshot 2026-05-10 184215.png,printed_document,0.95,0.98,False,False,False,False,"The image contains typed prose describing a heritage asset, fitting the description of printed text.",gemma,v1
J:\Genealogy\genealogy_pipeline\data\working\Screenshot 2026-05-10 184325.png,printed_document,0.98,0.85,False,False,False,False,The image consists of continuous typed prose without a repeating tabular structure or photographic elements.,gemma,v1
J:\Genealogy\genealogy_pipeline\data\working\Screenshot 2026-05-10 190444.jpg,printed_document,0.95,0.85,False,False,False,False,"The document appears to be a single, structured form with a handful of labeled fields rather than repeated rows of data.",gemma,v1
J:\Genealogy\genealogy_pipeline\data\working\Screenshot 2026-05-10 191054.png,printed_document,0.95,0.98,False,False,False,False,The image appears to be a single passenger declaration form with a handful of one-time labeled fields.,gemma,v1
J:\Genealogy\genealogy_pipeline\data\working\Screenshot 2026-05-11 004029.png,printed_document,1.0,0.9,False,False,False,False,"The document is a typed record with a few distinct fields, fitting the description of a single-entity form.",gemma,v1
J:\Genealogy\genealogy_pipeline\data\working\Screenshot 2026-05-11 015136.png,printed_document,0.95,0.8,False,False,False,False,The image contains prose text structured like a document rather than repeating tabular data or being a chart.,gemma,v1
J:\Genealogy\genealogy_pipeline\data\working\Screenshot 2026-05-14 011801.png,printed_document,0.98,0.95,False,False,False,False,"The image is a printed document featuring official text and seals, not a repeating tabular structure.",gemma,v1
J:\Genealogy\genealogy_pipeline\data\working\Screenshot 2026-05-14 011852.png,printed_document,0.98,0.85,True,False,False,False,"The image consists of a formal, handwritten letter or document with a handful of unique fields, fitting the printed_document criteria.",gemma,v1
J:\Genealogy\genealogy_pipeline\data\working\Screenshot 2026-05-14 012033_1.png,printed_document,0.98,0.6,False,False,False,False,"The document is a typed official form with a handful of single-entity fields, fitting the printed_document classification.",gemma,v1
J:\Genealogy\genealogy_pipeline\data\working\Screenshot 2026-05-21 013303.png,printed_document,0.98,0.95,False,False,False,False,"The image contains typed prose without a repeating tabular structure, fitting the definition of a printed document.",gemma,v1
J:\Genealogy\genealogy_pipeline\data\working\Screenshot 2026-05-26 075802.png,printed_document,0.98,0.75,False,False,False,False,"The image is a typed document with a handful of labeled fields, fitting the description of a single-entity form.",gemma,v1
J:\Genealogy\genealogy_pipeline\data\working\Screenshot 2026-05-26 080508.png,printed_document,0.98,0.75,True,False,False,False,"The document is a single, formally structured letter or certificate with a handful of unique fields, not repeating rows.",gemma,v1
J:\Genealogy\genealogy_pipeline\data\working\Screenshot 2026-05-26 211025.png,printed_document,1.0,0.8,False,False,False,False,"The image consists of continuous typed prose, fitting the description of a printed document.",gemma,v1
J:\Genealogy\genealogy_pipeline\data\working\Screenshot 2026-05-26 211519.png,printed_document,0.98,0.85,False,False,False,False,"The image consists of typed prose forming an article or excerpt, which fits the definition of a printed document.",gemma,v1
J:\Genealogy\genealogy_pipeline\data\working\Screenshot 2026-05-26 211533.png,printed_document,0.98,0.95,False,False,False,False,"The image consists of continuous typed prose, characteristic of a printed document.",gemma,v1
J:\Genealogy\genealogy_pipeline\data\working\Screenshot 2026-05-26 211834.png,printed_document,0.98,0.85,False,False,False,False,"The image consists of continuous typed prose, characteristic of a printed document.",gemma,v1
J:\Genealogy\genealogy_pipeline\data\working\Screenshot 2026-05-26 212217.png,printed_document,0.98,0.85,False,False,False,False,The image consists of typed prose forming a biographical or narrative text without a repeating tabular structure.,gemma,v1
J:\Genealogy\genealogy_pipeline\data\working\Screenshot 2026-05-26 212433.png,printed_document,1.0,0.8,False,False,False,False,The image consists of continuous typed prose forming an article or text.,gemma,v1
J:\Genealogy\genealogy_pipeline\data\working\Screenshot 2026-05-26 212708.png,printed_document,0.98,0.85,False,False,False,False,"The image consists of continuous typed prose, fitting the description of a printed document.",gemma,v1
J:\Genealogy\genealogy_pipeline\data\working\Screenshot 2026-05-26 212904.png,printed_document,1.0,0.95,False,False,False,False,The image consists of typed prose forming an article or letter without any repeating tabular structure.,gemma,v1
J:\Genealogy\genealogy_pipeline\data\working\Screenshot 2026-05-26 213238.png,printed_document,0.98,0.95,False,False,False,False,"The image consists of continuous typed prose, characteristic of a letter or article.",gemma,v1
J:\Genealogy\genealogy_pipeline\data\working\Screenshot 2026-05-26 213609.png,printed_document,0.98,0.85,False,False,False,False,"The image contains typed prose forming a narrative, which fits the description of a printed document.",gemma,v1
J:\Genealogy\genealogy_pipeline\data\working\Screenshot 2026-05-26 213714.png,printed_document,1.0,0.9,False,False,False,False,"The image consists of continuous typed prose, fitting the description of a printed document.",gemma,v1
J:\Genealogy\genealogy_pipeline\data\working\Screenshot 2026-05-26 213729.png,printed_document,0.98,0.85,False,False,False,False,"The image consists of continuous typed prose, characteristic of a printed document.",gemma,v1
J:\Genealogy\genealogy_pipeline\data\working\Screenshot 2026-05-26 213852.png,printed_document,0.98,0.85,False,False,False,False,"The image consists of continuous typed prose, characteristic of a printed document.",gemma,v1
J:\Genealogy\genealogy_pipeline\data\working\Screenshot 2026-05-26 214023.png,printed_document,1.0,0.8,False,False,False,False,The image consists of typed prose forming an article or letter without a repeating tabular structure.,gemma,v1
J:\Genealogy\genealogy_pipeline\data\working\Screenshot 2026-05-26 214158.png,printed_document,0.98,0.85,False,False,False,False,The image consists of typed prose forming a historical document without a repeating tabular structure.,gemma,v1
J:\Genealogy\genealogy_pipeline\data\working\Screenshot 2026-05-26 214518.png,printed_document,1.0,0.95,False,False,False,False,"The image consists entirely of typed prose, characteristic of a printed document.",gemma,v1
J:\Genealogy\genealogy_pipeline\data\working\Screenshot 2026-05-26 215036.png,printed_document,0.95,0.8,False,False,False,False,The image contains substantial printed prose without a tabular structure or a dominant photograph.,gemma,v1
J:\Genealogy\genealogy_pipeline\data\working\Screenshot 2026-05-26 215331.png,printed_document,0.98,0.95,False,False,False,False,"The image consists of continuous typed prose, characteristic of a printed document.",gemma,v1
J:\Genealogy\genealogy_pipeline\data\working\Screenshot 2026-05-26 215544.png,printed_document,1.0,0.9,False,False,False,False,"The image consists of continuous typed prose, characteristic of a printed document.",gemma,v1
J:\Genealogy\genealogy_pipeline\data\working\Screenshot 2026-05-26 220730.png,printed_document,1.0,0.9,False,False,False,False,"The image consists of continuous typed prose, characteristic of a printed document.",gemma,v1
J:\Genealogy\genealogy_pipeline\data\working\Screenshot 2026-05-26 222225.png,printed_document,1.0,0.8,False,False,False,False,"The image consists of continuous typed prose, fitting the description of printed text.",gemma,v1
J:\Genealogy\genealogy_pipeline\data\working\Screenshot 2026-05-26 224458.png,printed_document,1.0,0.9,False,False,False,False,"The image consists of continuous typed prose, characteristic of a printed document.",gemma,v1
J:\Genealogy\genealogy_pipeline\data\working\Screenshot 2026-05-26 224726.png,printed_document,0.98,0.85,False,False,False,False,"The image consists of continuous typed prose, characteristic of a printed document.",gemma,v1
J:\Genealogy\genealogy_pipeline\data\working\Screenshot 2026-05-26 225402.png,printed_document,1.0,0.9,False,False,False,False,"The input is continuous prose, characteristic of a printed document, without any tabular structure or photographic elements.",gemma,v1
J:\Genealogy\genealogy_pipeline\data\working\Screenshot 2026-05-26 225743.png,printed_document,0.98,0.95,False,False,False,False,The image consists of continuous typed prose forming an article or text.,gemma,v1
J:\Genealogy\genealogy_pipeline\data\working\Screenshot 2026-05-26 225802.png,printed_document,0.98,0.85,False,False,False,False,"The input is typed prose, which fits the definition of a printed document without a repeating tabular structure.",gemma,v1
J:\Genealogy\genealogy_pipeline\data\working\Screenshot 2026-05-26 230423.png,printed_document,0.95,0.85,False,False,False,False,"The image contains continuous prose typical of a written narrative, fitting the definition of a printed document.",gemma,v1
J:\Genealogy\genealogy_pipeline\data\working\Screenshot 2026-05-26 231538.png,printed_document,0.98,0.95,False,False,False,False,"The image consists of continuous typed prose, fitting the description of a printed document.",gemma,v1
J:\Genealogy\genealogy_pipeline\data\working\Screenshot 2026-05-27 002025.png,printed_document,1.0,0.95,False,False,False,False,The image consists of typed prose detailing historical land regulations and requirements.,gemma,v1
J:\Genealogy\genealogy_pipeline\data\working\Screenshot 2026-05-27 080144.png,printed_document,0.98,0.85,False,False,False,False,The image is a printed document containing prose and formal declarations rather than repeating tabular data.,gemma,v1
J:\Genealogy\genealogy_pipeline\data\working\Screenshot 2026-05-27 080539.png,printed_document,0.98,0.85,False,False,False,False,The image is a typed document presenting a grant or legal statement without repeating tabular data.,gemma,v1
J:\Genealogy\genealogy_pipeline\data\working\Screenshot 2026-05-27 080635.png,printed_document,0.98,0.95,False,False,False,False,The image is a printed document containing formal text and legal language without repeating tabular data.,gemma,v1
J:\Genealogy\genealogy_pipeline\data\working\Screenshot 2026-05-27 080834.png,printed_document,0.98,0.95,False,False,False,False,"The image is a typed document, likely a land grant, with a single-entity form structure rather than repeated tabular data.",gemma,v1
J:\Genealogy\genealogy_pipeline\data\working\Screenshot 2026-05-27 081051.png,printed_document,0.98,0.85,False,False,False,False,"The image is a formal, typed document with a single-entity form structure, not a repeating tabular record.",gemma,v1
J:\Genealogy\genealogy_pipeline\data\working\Screenshot 2026-05-27 081254.png,printed_document,0.98,0.85,False,False,False,False,"The image is a typed document containing prose and formal declarations, fitting the printed_document category.",gemma,v1
J:\Genealogy\genealogy_pipeline\data\working\Screenshot 2026-05-27 081330.png,printed_document,0.98,0.85,False,False,False,False,The image is a printed document containing prose and formal text without repeating tabular data structures.,gemma,v1
J:\Genealogy\genealogy_pipeline\data\working\Screenshot 2026-05-27 081417.png,printed_document,0.98,0.95,False,False,False,False,The image is a printed document containing prose and formal declarations rather than a repeating tabular structure.,gemma,v1
J:\Genealogy\genealogy_pipeline\data\working\Screenshot 2026-05-27 081524.png,printed_document,0.98,0.85,False,False,False,False,"The image is a printed document containing formal text and signatures, not a repeating tabular structure.",gemma,v1
J:\Genealogy\genealogy_pipeline\data\working\Screenshot 2026-05-27 081610.png,printed_document,0.98,0.85,False,False,False,False,"The image is a printed document containing formal text and signatures, not a repeating tabular structure.",gemma,v1
J:\Genealogy\genealogy_pipeline\data\working\Screenshot 2026-05-27 081718.png,printed_document,0.98,0.85,False,False,False,False,"The image is a typed document containing prose and formal address, fitting the description of a printed document.",gemma,v1
J:\Genealogy\genealogy_pipeline\data\working\Screenshot 2026-05-27 082031.png,printed_document,0.98,0.85,False,False,False,False,"The image is a printed document containing formal text and signatures, not a repeating tabular structure.",gemma,v1
J:\Genealogy\genealogy_pipeline\data\working\Screenshot 2026-05-27 082452.png,printed_document,0.98,0.85,False,False,False,False,"The image is a typed document with a formal structure and a handful of unique fields, fitting the printed_document classification.",gemma,v1
J:\Genealogy\genealogy_pipeline\data\working\Screenshot 2026-05-27 082750.png,printed_document,0.98,0.95,False,False,False,False,This is a typed document resembling a land grant or official proclamation with a single entity's information.,gemma,v1
J:\Genealogy\genealogy_pipeline\data\working\Screenshot 2026-05-27 083230.png,printed_document,0.98,0.85,False,False,False,False,"The image is a printed document containing formal text and signatures, not a repeating tabular structure.",gemma,v1
J:\Genealogy\genealogy_pipeline\data\working\Screenshot 2026-05-27 083401.png,printed_document,0.98,0.85,False,False,False,False,"This is a typed document containing formal text and signatures, fitting the description of a printed document.",gemma,v1
J:\Genealogy\genealogy_pipeline\data\working\Screenshot 2026-05-27 083435.png,printed_document,0.98,0.75,True,False,False,False,"The document is a single-entity form with labeled fields, fitting the definition of a printed document rather than a repeating tabular structure.",gemma,v1
J:\Genealogy\genealogy_pipeline\data\working\Screenshot 2026-05-27 200201.png,printed_document,1.0,1.0,False,False,False,False,"The input is a block of typed prose, fitting the description of printed text without a tabular or chart structure.",gemma,v1
J:\Genealogy\genealogy_pipeline\data\working\Screenshot 2026-05-27 202454.png,printed_document,0.98,0.95,False,False,False,False,"The image consists entirely of typed prose, characteristic of a printed directory or article.",gemma,v1
J:\Genealogy\genealogy_pipeline\data\working\Screenshot 2026-05-27 204141.png,printed_document,1.0,0.9,False,False,False,False,"The image consists of continuous typed prose, characteristic of a printed document.",gemma,v1
J:\Genealogy\genealogy_pipeline\data\working\Screenshot 2026-05-27 204233.png,printed_document,1.0,0.95,False,False,False,False,"The image consists of continuous typed prose, fitting the description of a printed document.",gemma,v1
J:\Genealogy\genealogy_pipeline\data\working\Screenshot 2026-05-27 205952.png,printed_document,0.95,0.4,False,False,False,False,"The document presents a single record with labeled fields, fitting the description of a single-entity form rather than repeated tabular data.",gemma,v1
J:\Genealogy\genealogy_pipeline\data\working\Screenshot 2026-05-27 210631.png,printed_document,0.98,0.85,False,False,False,False,"The image contains typed prose detailing an event, fitting the description of a printed document.",gemma,v1
J:\Genealogy\genealogy_pipeline\data\working\Screenshot 2026-05-27 220351.png,printed_document,0.98,0.95,False,False,False,False,"This is a single passenger declaration form with a handful of labeled fields, not a repetitive tabular structure.",gemma,v1
J:\Genealogy\genealogy_pipeline\data\working\Screenshot 2026-05-27 223603.png,printed_document,0.95,0.98,False,False,False,False,"The input is a block of typed prose detailing historical records, fitting the description of printed text.",gemma,v1
J:\Genealogy\genealogy_pipeline\data\working\Screenshot 2026-05-28 030622.png,printed_document,0.98,0.75,False,False,False,False,The image consists of typed prose without a repeating tabular structure or a complex chart layout.,gemma,v1
J:\Genealogy\genealogy_pipeline\data\working\Screenshot 2026-05-28 032145.png,printed_document,0.95,0.1,False,False,False,False,The image primarily depicts a building exterior and does not contain repetitive tabular data or substantial prose.,gemma,v1
J:\Genealogy\genealogy_pipeline\data\working\Screenshot 2026-05-28 032301.png,printed_document,0.95,0.2,False,False,False,False,"The image is a photograph of a building facade with minimal text, fitting the description of a single-entity form or general scene.",gemma,v1
J:\Genealogy\genealogy_pipeline\data\working\Screenshot 2026-05-28 032530.png,printed_document,0.95,0.1,False,False,False,False,"The image is a photograph of a building facade with minimal text, fitting the description of a single-entity document or general image.",gemma,v1
J:\Genealogy\genealogy_pipeline\data\working\Screenshot 2026-05-28 033146.png,printed_document,0.95,0.2,False,False,False,False,"The image primarily depicts a building exterior with minimal text, fitting the description of a printed document or general scene.",gemma,v1
J:\Genealogy\genealogy_pipeline\data\working\Screenshot 2026-05-28 073126.png,printed_document,0.98,0.95,False,False,False,False,"The image consists of continuous typed prose, fitting the definition of a printed document.",gemma,v1
J:\Genealogy\genealogy_pipeline\data\working\Screenshot 2026-05-28 214258.png,printed_document,0.98,0.95,False,False,False,False,The image contains typed prose which is characteristic of a printed document without a repeating tabular structure.,gemma,v1
J:\Genealogy\genealogy_pipeline\data\working\Screenshot 2026-05-28 234132.png,printed_document,0.95,0.8,False,True,False,False,The document presents a handful of facts about a single entity rather than repeating the same structure for many people.,gemma,v1
J:\Genealogy\genealogy_pipeline\data\working\Screenshot 2026-05-29 002837.png,printed_document,0.98,0.85,False,False,False,False,The image contains typed prose forming a narrative document rather than a repeating tabular structure or a chart.,gemma,v1
J:\Genealogy\genealogy_pipeline\data\working\Screenshot 2026-05-29 002946.png,printed_document,0.98,0.85,False,False,False,False,"The image consists of continuous typed prose, characteristic of a printed document.",gemma,v1
J:\Genealogy\genealogy_pipeline\data\working\Screenshot 2026-05-29 012718.png,printed_document,0.98,0.95,False,False,False,False,"The image consists of continuous typed prose, characteristic of a letter or narrative text.",gemma,v1
J:\Genealogy\genealogy_pipeline\data\working\Screenshot 2026-05-29 013559.png,printed_document,0.98,0.95,False,False,False,False,"The image consists of continuous typed prose, fitting the description of a printed document.",gemma,v1
J:\Genealogy\genealogy_pipeline\data\working\Screenshot 2026-05-29 013734.png,printed_document,1.0,0.9,False,False,False,False,"The image consists of continuous typed prose, characteristic of a printed document.",gemma,v1
J:\Genealogy\genealogy_pipeline\data\working\Screenshot 2026-05-29 014823.png,printed_document,0.98,0.95,False,False,False,False,The image consists of typed prose forming a biographical text without a repeating tabular structure.,gemma,v1
J:\Genealogy\genealogy_pipeline\data\working\Screenshot 2026-05-29 032043.png,printed_document,1.0,0.9,False,False,False,False,"The image consists of continuous typed prose, fitting the description of printed text without a tabular or chart structure.",gemma,v1
J:\Genealogy\genealogy_pipeline\data\working\Screenshot 2026-05-29 081725.png,printed_document,0.98,0.85,False,False,False,False,"The image consists of typed prose structured as numbered clauses, fitting the description of printed text.",gemma,v1
J:\Genealogy\genealogy_pipeline\data\working\Screenshot 2026-05-29 082846.png,printed_document,0.95,0.8,False,False,False,False,The document presents a handful of labeled fields about one entity rather than repeating the same structure for many different people.,gemma,v1
J:\Genealogy\genealogy_pipeline\data\working\Screenshot 2026-05-29 215148.png,printed_document,0.98,0.85,False,False,False,False,"The image contains typed prose explaining colors, fitting the description of a printed document.",gemma,v1
J:\Genealogy\genealogy_pipeline\data\working\Screenshot 2026-05-29 224759.png,printed_document,0.95,0.98,False,False,False,False,"The image contains typed prose without a repeating tabular structure, fitting the definition of a printed document.",gemma,v1
J:\Genealogy\genealogy_pipeline\data\working\Screenshot 2026-05-29 225046.png,printed_document,0.98,0.95,False,False,False,False,"The image consists of continuous typed prose, fitting the description of printed text without a tabular or chart structure.",gemma,v1
J:\Genealogy\genealogy_pipeline\data\working\Screenshot 2026-05-29 225125.png,printed_document,0.95,0.8,False,False,False,False,The image consists of prose text without a repeating tabular structure or complex visual elements.,gemma,v1
J:\Genealogy\genealogy_pipeline\data\working\Screenshot 2026-05-30 000448.png,printed_document,0.95,0.98,False,False,False,False,"The image consists of continuous typed prose, fitting the definition of a printed document.",gemma,v1
J:\Genealogy\genealogy_pipeline\data\working\Screenshot 2026-05-30 001345.png,printed_document,0.95,0.8,False,False,False,False,"The input is continuous prose, characteristic of typed or printed text without a repeating tabular structure.",gemma,v1
J:\Genealogy\genealogy_pipeline\data\working\Screenshot 2026-05-30 124919.png,printed_document,0.98,0.85,False,False,False,False,The image contains substantial printed prose without a repeating tabular structure or a dominant photograph.,gemma,v1
J:\Genealogy\genealogy_pipeline\data\working\Screenshot 2026-05-30 125142.png,printed_document,0.95,0.8,False,False,False,False,"The image contains substantial prose text without a repeating tabular structure, fitting the definition of printed prose.",gemma,v1
J:\Genealogy\genealogy_pipeline\data\working\Screenshot 2026-05-30 125307.png,printed_document,0.98,0.95,False,False,False,False,"The image consists of continuous typed prose, fitting the description of a printed document.",gemma,v1
J:\Genealogy\genealogy_pipeline\data\working\Screenshot 2026-05-30 125602.png,printed_document,0.98,0.95,False,False,False,False,"The image consists of typed prose forming an article or text, which fits the definition of a printed document.",gemma,v1
J:\Genealogy\genealogy_pipeline\data\working\Screenshot 2026-05-30 125845.png,printed_document,0.98,0.85,False,False,False,False,"The image consists of continuous typed prose, fitting the description of printed text without a tabular or chart structure.",gemma,v1
J:\Genealogy\genealogy_pipeline\data\working\Screenshot 2026-05-30 125948.png,printed_document,0.98,0.95,False,False,False,False,"The image consists of continuous typed prose, characteristic of a printed document.",gemma,v1
J:\Genealogy\genealogy_pipeline\data\working\Screenshot 2026-05-30 130117.png,printed_document,1.0,0.8,False,False,False,False,"The image consists of continuous typed prose, characteristic of a printed document.",gemma,v1
J:\Genealogy\genealogy_pipeline\data\working\Screenshot 2026-05-30 130616.png,printed_document,1.0,0.9,False,False,False,False,"The image consists of continuous typed prose, characteristic of a printed document.",gemma,v1
J:\Genealogy\genealogy_pipeline\data\working\Screenshot 2026-05-30 130751.png,printed_document,1.0,0.9,False,False,False,False,"The image consists of continuous typed prose, characteristic of a printed document.",gemma,v1
J:\Genealogy\genealogy_pipeline\data\working\Screenshot 2026-05-30 130942.png,printed_document,1.0,1.0,False,False,False,False,"The image consists of continuous typed prose, characteristic of a printed document.",gemma,v1
J:\Genealogy\genealogy_pipeline\data\working\Screenshot 2026-05-30 131121.png,printed_document,1.0,0.95,False,False,False,False,"The input is continuous prose, characteristic of a printed document, without any tabular structure or photographic elements.",gemma,v1
J:\Genealogy\genealogy_pipeline\data\working\Screenshot 2026-05-30 131948.png,printed_document,0.98,0.95,False,False,False,False,"The image consists of continuous typed prose, fitting the definition of a printed document.",gemma,v1
J:\Genealogy\genealogy_pipeline\data\working\Screenshot 2026-05-30 132954.png,printed_document,0.98,0.85,False,False,False,False,The image consists of typed prose forming an article or historical text without a repeating tabular structure.,gemma,v1
J:\Genealogy\genealogy_pipeline\data\working\Screenshot 2026-05-30 154449.png,printed_document,0.95,0.8,False,False,False,False,"The image consists of continuous typed prose, fitting the description of printed text without a tabular or chart structure.",gemma,v1
J:\Genealogy\genealogy_pipeline\data\working\Screenshot 2026-05-30 155755.png,printed_document,0.98,0.95,False,False,False,False,The image contains typed prose forming a biographical text without a repeating tabular structure.,gemma,v1
J:\Genealogy\genealogy_pipeline\data\working\Screenshot 2026-05-30 162518.png,printed_document,0.98,0.85,False,False,True,False,"The image contains substantial printed prose without a repeating tabular structure, fitting the definition of a printed document.",gemma,v1
J:\Genealogy\genealogy_pipeline\data\working\Screenshot 2026-05-30 163431.png,printed_document,0.98,0.85,False,False,False,False,"The image consists of continuous typed prose, characteristic of a printed document.",gemma,v1
J:\Genealogy\genealogy_pipeline\data\working\Screenshot 2026-05-30 163453.png,printed_document,1.0,0.9,False,False,False,False,"The image consists of continuous typed prose, fitting the description of a printed document.",gemma,v1
J:\Genealogy\genealogy_pipeline\data\working\Screenshot 2026-05-30 163638.png,printed_document,0.98,0.4,False,False,False,False,The image consists of typed prose and publication information without a repeating tabular structure.,gemma,v1
J:\Genealogy\genealogy_pipeline\data\working\Screenshot 2026-05-30 163927.png,printed_document,0.98,0.95,False,False,False,False,"The image consists of continuous typed prose, fitting the description of a printed document.",gemma,v1
J:\Genealogy\genealogy_pipeline\data\working\Screenshot 2026-05-30 163950.png,printed_document,0.98,0.85,False,False,False,False,The image consists of continuous typed prose without any tabular structure or photographic elements.,gemma,v1
J:\Genealogy\genealogy_pipeline\data\working\Screenshot 2026-05-30 164135.png,printed_document,1.0,0.8,False,False,False,False,"The image consists of continuous typed prose, fitting the description of a printed document.",gemma,v1
J:\Genealogy\genealogy_pipeline\data\working\Screenshot 2026-05-30 164203.png,printed_document,0.98,0.85,False,False,False,False,The image contains substantial typed prose without a repeating tabular structure or a dominant photograph.,gemma,v1
J:\Genealogy\genealogy_pipeline\data\working\Screenshot 2026-05-30 164645.png,printed_document,0.98,0.85,False,False,False,False,"The image consists of continuous typed prose, fitting the description of a printed document.",gemma,v1
J:\Genealogy\genealogy_pipeline\data\working\Screenshot 2026-05-30 164822.png,printed_document,0.98,0.95,False,False,False,False,"The image consists of continuous typed prose, fitting the description of printed text.",gemma,v1
J:\Genealogy\genealogy_pipeline\data\working\Screenshot 2026-05-30 164935.png,printed_document,1.0,0.9,False,False,False,False,"The image consists of continuous typed prose, fitting the description of a printed document.",gemma,v1
J:\Genealogy\genealogy_pipeline\data\working\Screenshot 2026-05-30 165046.png,printed_document,0.98,0.85,False,False,False,False,"The image contains typed prose describing family history, fitting the definition of printed text.",gemma,v1
J:\Genealogy\genealogy_pipeline\data\working\Screenshot 2026-05-30 165203.png,printed_document,1.0,1.0,False,False,False,False,"The image consists of continuous typed prose, fitting the description of a printed document.",gemma,v1
J:\Genealogy\genealogy_pipeline\data\working\Screenshot 2026-05-30 165255.png,printed_document,0.98,0.95,False,False,False,False,"The image contains continuous prose, characteristic of a printed document, rather than a repeating tabular structure.",gemma,v1
J:\Genealogy\genealogy_pipeline\data\working\Screenshot 2026-05-30 170925.png,printed_document,0.98,0.95,False,False,False,False,"The image contains continuous typed prose, characteristic of a printed document, rather than a repeating tabular structure.",gemma,v1
J:\Genealogy\genealogy_pipeline\data\working\Screenshot 2026-05-30 174522.png,printed_document,1.0,0.9,False,False,False,False,"The image consists of continuous typed prose, fitting the description of a printed document.",gemma,v1
J:\Genealogy\genealogy_pipeline\data\working\Screenshot 2026-05-30 175703.png,printed_document,0.98,0.3,False,False,False,False,"The image consists of typed prose, fitting the description of a printed document.",gemma,v1
J:\Genealogy\genealogy_pipeline\data\working\Screenshot 2026-05-30 175943.png,printed_document,1.0,0.9,False,False,False,False,The image consists of typed prose forming an article or biographical text without a repeating tabular structure.,gemma,v1
J:\Genealogy\genealogy_pipeline\data\working\Screenshot 2026-05-30 180004.png,printed_document,1.0,0.9,False,False,False,False,"The image consists of continuous typed prose, fitting the description of a printed document.",gemma,v1
J:\Genealogy\genealogy_pipeline\data\working\Screenshot 2026-05-30 180019.png,printed_document,0.98,0.85,False,False,False,False,"The image consists of continuous typed prose, characteristic of a printed document.",gemma,v1
J:\Genealogy\genealogy_pipeline\data\working\Screenshot 2026-05-30 180035.png,printed_document,0.98,0.75,False,False,False,False,The image consists of typed prose forming a letter or article without a repeating tabular structure.,gemma,v1
J:\Genealogy\genealogy_pipeline\data\working\Screenshot 2026-05-30 180548.png,printed_document,0.98,0.85,False,False,False,False,"The image consists of typed prose forming an article or text, which fits the definition of a printed document.",gemma,v1
J:\Genealogy\genealogy_pipeline\data\working\Screenshot 2026-05-30 180604.png,printed_document,0.98,0.95,False,False,False,False,"The image contains continuous prose typical of a letter or article, fitting the printed_document category.",gemma,v1
J:\Genealogy\genealogy_pipeline\data\working\Screenshot 2026-05-30 180621.png,printed_document,1.0,0.95,False,False,False,False,"The image consists of continuous typed prose, characteristic of a printed document.",gemma,v1
J:\Genealogy\genealogy_pipeline\data\working\Screenshot 2026-05-30 180900.png,printed_document,0.95,0.4,False,False,False,False,"The image consists of short, prose-like entries typical of a letter or document, not a repeating tabular structure.",gemma,v1
J:\Genealogy\genealogy_pipeline\data\working\Screenshot 2026-05-30 181953.png,printed_document,1.0,0.8,False,False,False,False,"The image consists of continuous typed prose, fitting the description of a printed document.",gemma,v1
J:\Genealogy\genealogy_pipeline\data\working\Screenshot 2026-05-30 182259.png,printed_document,0.98,0.85,False,False,False,False,"The image consists of continuous typed prose, fitting the description of a printed document.",gemma,v1
J:\Genealogy\genealogy_pipeline\data\working\Screenshot 2026-05-30 182723.png,printed_document,0.98,0.85,False,False,False,False,"The image consists of continuous typed prose, characteristic of a printed document.",gemma,v1
J:\Genealogy\genealogy_pipeline\data\working\Screenshot 2026-05-30 184902.png,printed_document,1.0,0.9,False,False,False,False,"The image consists of continuous typed prose, fitting the description of a printed document.",gemma,v1
J:\Genealogy\genealogy_pipeline\data\working\Screenshot 2026-05-30 184959.png,printed_document,1.0,0.9,False,False,False,False,The image consists of typed prose forming an article or letter without a repeating tabular structure.,gemma,v1
J:\Genealogy\genealogy_pipeline\data\working\Screenshot 2026-05-30 193823.png,printed_document,0.98,0.85,False,False,False,False,"The image consists of continuous typed prose, characteristic of a letter or article.",gemma,v1
J:\Genealogy\genealogy_pipeline\data\working\Screenshot 2026-05-30 193926.png,printed_document,0.98,0.85,False,False,False,False,The image consists of typed prose forming an article or letter without a repeating tabular structure.,gemma,v1
J:\Genealogy\genealogy_pipeline\data\working\Screenshot 2026-05-30 194036.png,printed_document,0.98,0.75,False,False,True,False,"The image contains printed prose accompanying a portrait, fitting the description of a mixed text image.",gemma,v1
J:\Genealogy\genealogy_pipeline\data\working\Screenshot 2026-05-30 194051.png,printed_document,1.0,0.8,False,False,False,False,"The image consists of continuous typed prose, characteristic of a letter or article.",gemma,v1
J:\Genealogy\genealogy_pipeline\data\working\Screenshot 2026-05-30 194145.png,printed_document,0.98,0.95,False,False,False,False,The image consists of typed prose forming an article or biographical text without a repeating tabular structure.,gemma,v1
J:\Genealogy\genealogy_pipeline\data\working\Screenshot 2026-05-30 194843.png,printed_document,0.98,0.95,False,False,False,False,"The image consists of continuous typed prose, characteristic of a letter or article.",gemma,v1
J:\Genealogy\genealogy_pipeline\data\working\Screenshot 2026-05-30 195030.png,printed_document,0.98,0.85,False,False,False,False,"The image consists of continuous typed prose, characteristic of a letter or article.",gemma,v1
J:\Genealogy\genealogy_pipeline\data\working\Screenshot 2026-05-30 195855.png,printed_document,0.98,0.85,False,False,False,False,The image consists of typed prose forming a letter or article without a repeating tabular structure.,gemma,v1
J:\Genealogy\genealogy_pipeline\data\working\Screenshot 2026-05-30 200022.png,printed_document,0.98,0.85,False,False,False,False,"The image consists of continuous typed prose, characteristic of a letter or article.",gemma,v1
J:\Genealogy\genealogy_pipeline\data\working\Screenshot 2026-05-30 200154.png,printed_document,0.98,0.95,False,False,False,False,"The image consists of typed prose forming biographical text, which fits the definition of a printed document.",gemma,v1
J:\Genealogy\genealogy_pipeline\data\working\Screenshot 2026-05-30 200325.png,printed_document,1.0,0.95,False,False,False,False,"The image consists of continuous typed prose, characteristic of a printed document.",gemma,v1
J:\Genealogy\genealogy_pipeline\data\working\Screenshot 2026-05-30 200449.png,printed_document,1.0,0.9,False,False,False,False,"The image consists of continuous typed prose, characteristic of a printed document.",gemma,v1
J:\Genealogy\genealogy_pipeline\data\working\Screenshot 2026-05-30 200553.png,printed_document,0.98,0.95,False,False,False,False,"The image consists of continuous typed prose, characteristic of a letter or article.",gemma,v1
J:\Genealogy\genealogy_pipeline\data\working\Screenshot 2026-05-30 200742.png,printed_document,0.98,0.85,False,False,False,False,"The image consists of typed prose, characteristic of a letter or article, without a repeating tabular structure.",gemma,v1
J:\Genealogy\genealogy_pipeline\data\working\Screenshot 2026-05-30 201410.png,printed_document,1.0,0.8,False,False,False,False,"The image consists of continuous typed prose, characteristic of a printed document.",gemma,v1
J:\Genealogy\genealogy_pipeline\data\working\Screenshot 2026-05-30 201536.png,printed_document,1.0,0.8,False,False,False,False,"The image consists of continuous typed prose, characteristic of a printed document.",gemma,v1
J:\Genealogy\genealogy_pipeline\data\working\Screenshot 2026-05-30 201646.png,printed_document,1.0,0.8,False,False,False,False,"The image consists of continuous typed prose, characteristic of a letter or article.",gemma,v1
J:\Genealogy\genealogy_pipeline\data\working\Screenshot 2026-05-30 201756.png,printed_document,0.98,0.95,False,False,False,False,The image consists of continuous typed prose forming an article or text.,gemma,v1
J:\Genealogy\genealogy_pipeline\data\working\Screenshot 2026-05-30 201852.png,printed_document,0.98,0.95,False,False,False,False,"The image consists of continuous typed prose, fitting the description of a printed document.",gemma,v1
J:\Genealogy\genealogy_pipeline\data\working\Screenshot 2026-05-30 201934.png,printed_document,0.98,0.85,False,False,False,False,"The image consists of continuous typed prose, characteristic of a printed document.",gemma,v1
J:\Genealogy\genealogy_pipeline\data\working\Screenshot 2026-05-30 202003.png,printed_document,0.98,0.85,False,False,False,False,"The image consists of typed prose forming an article or memorial, which fits the printed_document category.",gemma,v1
J:\Genealogy\genealogy_pipeline\data\working\Screenshot 2026-05-30 202038.png,printed_document,0.98,0.85,False,False,False,False,The image consists of typed prose forming an article or biographical text without a repeating tabular structure.,gemma,v1
J:\Genealogy\genealogy_pipeline\data\working\Screenshot 2026-05-30 202055.png,printed_document,0.98,0.85,False,False,False,False,The image consists entirely of typed prose forming a document without a repeating tabular structure.,gemma,v1
J:\Genealogy\genealogy_pipeline\data\working\Screenshot 2026-05-30 202154.png,printed_document,0.98,0.85,False,False,False,False,The image consists of continuous typed prose forming an article or historical text.,gemma,v1
J:\Genealogy\genealogy_pipeline\data\working\Screenshot 2026-05-30 202210.png,printed_document,1.0,0.9,False,False,False,False,"The image consists of continuous typed prose, characteristic of a printed document.",gemma,v1
J:\Genealogy\genealogy_pipeline\data\working\Screenshot 2026-05-30 202253.png,printed_document,1.0,0.9,False,False,False,False,"The image consists of continuous typed prose, characteristic of a printed document.",gemma,v1
J:\Genealogy\genealogy_pipeline\data\working\Screenshot 2026-05-30 202539.png,printed_document,0.98,0.85,False,False,False,False,"The image consists of continuous typed prose, fitting the description of a printed document.",gemma,v1
J:\Genealogy\genealogy_pipeline\data\working\Screenshot 2026-05-30 202555.png,printed_document,0.98,0.95,False,False,False,False,"The image consists of continuous typed prose, characteristic of a printed document.",gemma,v1
J:\Genealogy\genealogy_pipeline\data\working\Screenshot 2026-05-30 202651.png,printed_document,0.98,0.85,False,False,False,False,"The image consists of continuous typed prose, characteristic of a printed document.",gemma,v1
J:\Genealogy\genealogy_pipeline\data\working\Screenshot 2026-05-30 202828.png,printed_document,1.0,0.8,False,False,False,False,The image consists of typed prose forming an article or descriptive text without a repeating tabular structure.,gemma,v1
J:\Genealogy\genealogy_pipeline\data\working\Screenshot 2026-05-30 202847.png,printed_document,1.0,0.8,False,False,False,False,"The image consists of continuous typed prose, fitting the description of a printed document.",gemma,v1
J:\Genealogy\genealogy_pipeline\data\working\Screenshot 2026-05-30 202956.png,printed_document,0.98,0.75,False,False,False,False,The image consists of typed prose forming articles or historical descriptions without a repeating tabular structure.,gemma,v1
J:\Genealogy\genealogy_pipeline\data\working\Screenshot 2026-05-30 203109.png,printed_document,1.0,0.9,False,False,False,False,"The image consists of continuous typed prose, characteristic of a printed document.",gemma,v1
J:\Genealogy\genealogy_pipeline\data\working\Screenshot 2026-05-30 203151.png,printed_document,1.0,0.9,False,False,False,False,"The image consists of continuous typed prose, characteristic of a printed document.",gemma,v1
J:\Genealogy\genealogy_pipeline\data\working\Screenshot 2026-05-30 203217.png,printed_document,0.98,0.85,False,False,False,False,"The image consists of continuous typed prose, characteristic of a printed document.",gemma,v1
J:\Genealogy\genealogy_pipeline\data\working\Screenshot 2026-05-30 203243.png,printed_document,1.0,0.8,False,False,False,False,"The image consists of continuous typed prose, characteristic of a printed document.",gemma,v1
J:\Genealogy\genealogy_pipeline\data\working\Screenshot 2026-05-30 203316.png,printed_document,0.98,0.85,False,False,False,False,The image consists of typed prose forming articles or biographical text without a repeating tabular structure.,gemma,v1
J:\Genealogy\genealogy_pipeline\data\working\Screenshot 2026-05-30 203345.png,printed_document,0.98,0.85,False,False,False,False,The image consists of continuous typed prose without a repeating tabular structure or photographic elements.,gemma,v1
J:\Genealogy\genealogy_pipeline\data\working\Screenshot 2026-05-30 203424.png,printed_document,0.98,0.85,False,False,False,False,"The image consists of continuous typed prose, fitting the description of a printed document.",gemma,v1
J:\Genealogy\genealogy_pipeline\data\working\Screenshot 2026-05-30 203449.png,printed_document,0.98,0.85,False,False,False,False,"The image consists of continuous typed prose, characteristic of a printed document.",gemma,v1
J:\Genealogy\genealogy_pipeline\data\working\Screenshot 2026-05-30 203532.png,printed_document,1.0,0.9,False,False,False,False,"The image consists of continuous typed prose, fitting the description of a printed document.",gemma,v1
J:\Genealogy\genealogy_pipeline\data\working\Screenshot 2026-05-30 203609.png,printed_document,0.98,0.85,False,False,False,False,"The image consists of continuous typed prose, characteristic of a printed document.",gemma,v1
J:\Genealogy\genealogy_pipeline\data\working\Screenshot 2026-05-30 203636.png,printed_document,1.0,0.9,False,False,False,False,"The image consists of continuous typed prose, fitting the description of a printed document.",gemma,v1
J:\Genealogy\genealogy_pipeline\data\working\Screenshot 2026-05-30 205403.png,printed_document,1.0,0.8,False,False,False,False,The image consists of continuous typed prose forming an article or text.,gemma,v1
J:\Genealogy\genealogy_pipeline\data\working\Screenshot 2026-05-30 205447.png,printed_document,1.0,0.9,False,False,False,False,"The image consists of continuous typed prose, characteristic of a printed document.",gemma,v1
J:\Genealogy\genealogy_pipeline\data\working\Screenshot 2026-05-30 210235.png,printed_document,1.0,0.95,False,False,False,False,"The image consists of continuous typed prose, fitting the description of a printed document.",gemma,v1
J:\Genealogy\genealogy_pipeline\data\working\Screenshot 2026-05-30 210253.png,printed_document,0.98,0.85,False,False,False,False,The image consists primarily of typed prose forming an article or text.,gemma,v1
J:\Genealogy\genealogy_pipeline\data\working\Screenshot 2026-05-30 210623.png,printed_document,0.95,0.4,False,False,False,False,The image contains substantial printed prose without a repeating tabular structure or a dominant photograph.,gemma,v1
J:\Genealogy\genealogy_pipeline\data\working\Screenshot 2026-05-30 210752.png,printed_document,0.98,0.85,False,False,False,False,"The image consists of continuous typed prose, characteristic of a printed document.",gemma,v1
J:\Genealogy\genealogy_pipeline\data\working\Screenshot 2026-05-30 210923.png,printed_document,0.98,0.85,False,False,False,False,"The image consists of typed prose discussing historical events and voting results, fitting the description of printed text.",gemma,v1
J:\Genealogy\genealogy_pipeline\data\working\Screenshot 2026-05-30 211224.png,printed_document,0.98,0.85,False,False,False,False,The image consists of typed prose forming a letter or article without a repeating tabular structure.,gemma,v1
J:\Genealogy\genealogy_pipeline\data\working\Screenshot 2026-05-30 211557.png,printed_document,0.98,0.85,False,False,False,False,The image consists of typed prose forming a historical document without repeating tabular data.,gemma,v1
J:\Genealogy\genealogy_pipeline\data\working\Screenshot 2026-05-30 211830.png,printed_document,0.98,0.85,False,False,False,False,The image consists of typed prose forming a narrative document without repeating tabular data structures.,gemma,v1
J:\Genealogy\genealogy_pipeline\data\working\Screenshot 2026-05-30 212244.png,printed_document,1.0,0.9,False,False,False,False,"The image consists of continuous typed prose, characteristic of a printed document.",gemma,v1
J:\Genealogy\genealogy_pipeline\data\working\Screenshot 2026-05-30 212335.png,printed_document,0.98,0.85,False,False,False,False,The image consists of typed prose forming an article or text block without a repeating tabular structure.,gemma,v1
J:\Genealogy\genealogy_pipeline\data\working\Screenshot 2026-05-30 212520.png,printed_document,0.98,0.95,False,False,False,False,The image consists of continuous typed prose without any tabular structure or repeating rows.,gemma,v1
J:\Genealogy\genealogy_pipeline\data\working\Screenshot 2026-05-30 212804.png,printed_document,1.0,0.95,False,False,False,False,"The image consists of continuous typed prose, characteristic of a printed document.",gemma,v1
J:\Genealogy\genealogy_pipeline\data\working\Screenshot 2026-05-30 212827.png,printed_document,1.0,0.8,False,False,False,False,The image consists of typed prose forming an article or historical text without a repeating tabular structure.,gemma,v1
J:\Genealogy\genealogy_pipeline\data\working\Screenshot 2026-05-30 212940.png,printed_document,0.98,0.85,False,False,False,False,"The image consists of continuous typed prose, characteristic of a printed document.",gemma,v1
J:\Genealogy\genealogy_pipeline\data\working\Screenshot 2026-05-30 213043.png,printed_document,1.0,0.8,False,False,False,False,"The image consists of continuous typed prose, characteristic of a printed document.",gemma,v1
J:\Genealogy\genealogy_pipeline\data\working\Screenshot 2026-05-30 213155.png,printed_document,1.0,0.8,False,False,False,False,"The image consists of continuous typed prose, fitting the description of a printed document.",gemma,v1
J:\Genealogy\genealogy_pipeline\data\working\Screenshot 2026-05-30 213353.png,printed_document,1.0,0.9,False,False,False,False,"The image consists of continuous typed prose, characteristic of a printed document.",gemma,v1
J:\Genealogy\genealogy_pipeline\data\working\Screenshot 2026-05-30 214207.png,printed_document,1.0,0.9,False,False,False,False,"The image consists of continuous typed prose, characteristic of a printed document.",gemma,v1
J:\Genealogy\genealogy_pipeline\data\working\Screenshot 2026-05-30 214909.png,printed_document,1.0,0.8,False,False,False,False,"The image consists of continuous typed prose, characteristic of a printed document.",gemma,v1
J:\Genealogy\genealogy_pipeline\data\working\Screenshot 2026-05-30 215041.png,printed_document,1.0,0.8,False,False,False,False,"The image consists of continuous typed prose, fitting the description of a printed document.",gemma,v1
J:\Genealogy\genealogy_pipeline\data\working\Screenshot 2026-05-30 215158.png,printed_document,1.0,0.9,False,False,False,False,The image consists of continuous typed prose forming an article or historical text.,gemma,v1
J:\Genealogy\genealogy_pipeline\data\working\Screenshot 2026-05-30 215612.png,printed_document,0.98,0.85,False,False,False,False,"The image consists of continuous typed prose, characteristic of a printed document.",gemma,v1
J:\Genealogy\genealogy_pipeline\data\working\Screenshot 2026-05-30 215806.png,printed_document,1.0,0.95,False,False,False,False,"The image consists of continuous typed prose, characteristic of a letter or article.",gemma,v1
J:\Genealogy\genealogy_pipeline\data\working\Screenshot 2026-05-30 221115.png,printed_document,1.0,0.8,False,False,False,False,"The image consists of continuous typed prose, characteristic of a printed document.",gemma,v1
J:\Genealogy\genealogy_pipeline\data\working\Screenshot 2026-05-30 221643.png,printed_document,1.0,0.9,False,False,False,False,"The image consists of continuous typed prose, fitting the description of a printed document.",gemma,v1
J:\Genealogy\genealogy_pipeline\data\working\Screenshot 2026-05-30 221715.png,printed_document,1.0,0.9,False,False,False,False,"The image consists of typed prose, which fits the definition of a printed document.",gemma,v1
J:\Genealogy\genealogy_pipeline\data\working\Screenshot 2026-05-30 221812.png,printed_document,0.98,0.85,False,False,False,False,"The image consists of typed prose forming biographical entries, which fits the definition of printed document.",gemma,v1
J:\Genealogy\genealogy_pipeline\data\working\Screenshot 2026-05-30 221855.png,printed_document,0.98,0.95,False,False,False,False,"The image consists of typed prose forming biographical entries, which fits the definition of a printed document.",gemma,v1
J:\Genealogy\genealogy_pipeline\data\working\Screenshot 2026-05-30 221941.png,printed_document,1.0,0.9,False,False,False,False,"The image consists of continuous typed prose, characteristic of a printed document.",gemma,v1
J:\Genealogy\genealogy_pipeline\data\working\Screenshot 2026-05-30 222017.png,printed_document,0.98,0.85,False,False,False,False,"The image consists of continuous typed prose, fitting the description of a printed document.",gemma,v1
J:\Genealogy\genealogy_pipeline\data\working\Screenshot 2026-05-30 222104.png,printed_document,0.98,0.75,False,False,False,False,The image consists primarily of typed prose forming an article or text block.,gemma,v1
J:\Genealogy\genealogy_pipeline\data\working\Screenshot 2026-05-30 222158.png,printed_document,1.0,0.95,False,False,False,False,"The image consists of continuous typed prose, fitting the description of a printed document.",gemma,v1
J:\Genealogy\genealogy_pipeline\data\working\Screenshot 2026-05-30 222311.png,printed_document,0.98,0.85,False,False,False,False,The image consists entirely of typed prose forming an article or historical text.,gemma,v1
J:\Genealogy\genealogy_pipeline\data\working\Screenshot 2026-05-30 222448.png,printed_document,0.98,0.85,False,False,False,False,"The image consists of continuous typed prose, characteristic of a printed document.",gemma,v1
J:\Genealogy\genealogy_pipeline\data\working\Screenshot 2026-05-30 225212.png,printed_document,0.98,0.95,False,False,False,False,"The image consists of continuous typed prose, characteristic of a printed document.",gemma,v1
J:\Genealogy\genealogy_pipeline\data\working\Screenshot 2026-05-30 225237.png,printed_document,0.98,0.85,False,False,False,False,"The image consists of typed prose forming an article or text, which fits the definition of a printed document.",gemma,v1
J:\Genealogy\genealogy_pipeline\data\working\Screenshot 2026-05-30 225306.png,printed_document,1.0,0.95,False,False,False,False,"The image consists of continuous typed prose, fitting the description of a printed document.",gemma,v1
J:\Genealogy\genealogy_pipeline\data\working\Screenshot 2026-05-30 225330.png,printed_document,1.0,0.95,False,False,False,False,The image consists of continuous typed prose without a repeating tabular structure or photographic elements.,gemma,v1
J:\Genealogy\genealogy_pipeline\data\working\Screenshot 2026-05-30 225350.png,printed_document,1.0,0.9,False,False,False,False,The image consists of continuous typed prose forming an article or text.,gemma,v1
J:\Genealogy\genealogy_pipeline\data\working\Screenshot 2026-05-30 225424.png,printed_document,0.98,0.85,False,False,False,False,The image consists of typed prose forming an article or letter without any repeating tabular structure.,gemma,v1
J:\Genealogy\genealogy_pipeline\data\working\Screenshot 2026-05-30 225518.png,printed_document,0.98,0.85,False,False,False,False,"The image consists of continuous typed prose, fitting the description of printed text.",gemma,v1
J:\Genealogy\genealogy_pipeline\data\working\Screenshot 2026-05-30 225536.png,printed_document,0.98,0.95,False,False,False,False,"The image consists entirely of typed prose, fitting the description of a printed document.",gemma,v1
J:\Genealogy\genealogy_pipeline\data\working\Screenshot 2026-05-30 225554.png,printed_document,1.0,0.9,False,False,False,False,The image consists of typed prose forming an article or document without a repeating tabular structure.,gemma,v1
J:\Genealogy\genealogy_pipeline\data\working\Screenshot 2026-05-30 225628.png,printed_document,0.98,0.95,False,False,False,False,"The image consists of continuous typed prose, characteristic of a printed document.",gemma,v1
J:\Genealogy\genealogy_pipeline\data\working\Screenshot 2026-05-30 225717.png,printed_document,0.98,0.85,False,False,False,False,The image consists of continuous typed prose without a repeating tabular structure or photographic elements.,gemma,v1
J:\Genealogy\genealogy_pipeline\data\working\Screenshot 2026-05-30 225738.png,printed_document,1.0,0.8,False,False,False,False,"The image consists of typed prose forming an article or text, which fits the definition of a printed document.",gemma,v1
J:\Genealogy\genealogy_pipeline\data\working\Screenshot 2026-05-30 225759.png,printed_document,1.0,0.8,False,False,False,False,The image consists of typed prose forming a narrative text without any tabular structure or photographic elements.,gemma,v1
J:\Genealogy\genealogy_pipeline\data\working\Screenshot 2026-05-30 225837.png,printed_document,1.0,0.8,False,False,False,False,"The image consists of continuous typed prose, fitting the description of a printed document.",gemma,v1
J:\Genealogy\genealogy_pipeline\data\working\Screenshot 2026-05-30 225946.png,printed_document,0.98,0.85,False,False,False,False,"The image consists of continuous typed prose, characteristic of a printed document.",gemma,v1
J:\Genealogy\genealogy_pipeline\data\working\Screenshot 2026-05-30 230052.png,printed_document,0.98,0.95,False,False,False,False,"The image consists of continuous typed prose, characteristic of a letter or article.",gemma,v1
J:\Genealogy\genealogy_pipeline\data\working\Screenshot 2026-05-30 230124.png,printed_document,1.0,0.9,False,False,False,False,"The image consists of continuous typed prose, fitting the description of a printed document.",gemma,v1
J:\Genealogy\genealogy_pipeline\data\working\Screenshot 2026-05-30 230153.png,printed_document,0.98,0.95,False,False,False,False,"The image consists of continuous typed prose, fitting the description of a printed document.",gemma,v1
J:\Genealogy\genealogy_pipeline\data\working\Screenshot 2026-05-30 230220.png,printed_document,0.98,0.85,False,False,False,False,"The image consists of continuous typed prose, characteristic of a printed document.",gemma,v1
J:\Genealogy\genealogy_pipeline\data\working\Screenshot 2026-05-30 230310.png,printed_document,0.98,0.85,False,False,False,False,"The image consists of continuous typed prose, fitting the description of a printed document.",gemma,v1
J:\Genealogy\genealogy_pipeline\data\working\Screenshot 2026-05-30 230340.png,printed_document,0.98,0.85,False,False,False,False,The image consists of continuous typed prose forming an article or historical text.,gemma,v1
J:\Genealogy\genealogy_pipeline\data\working\Screenshot 2026-05-30 230400.png,printed_document,0.98,0.85,False,False,False,False,"The image consists of typed prose and a list, fitting the description of printed text without a repeating tabular structure.",gemma,v1
J:\Genealogy\genealogy_pipeline\data\working\Screenshot 2026-05-30 230451.png,printed_document,0.98,0.85,False,False,False,False,The image consists of typed prose forming a formal document without repeating tabular data structures.,gemma,v1
J:\Genealogy\genealogy_pipeline\data\working\Screenshot 2026-05-30 230523.png,printed_document,0.98,0.75,False,False,False,False,"The image consists of typed prose and headings, fitting the description of printed document.",gemma,v1
J:\Genealogy\genealogy_pipeline\data\working\Screenshot 2026-05-30 230729.png,printed_document,0.98,0.85,False,False,False,False,"The image consists of continuous typed prose, fitting the description of a printed document.",gemma,v1
J:\Genealogy\genealogy_pipeline\data\working\Screenshot 2026-05-30 230803.png,printed_document,1.0,0.9,False,False,False,False,"The image consists of continuous typed prose, characteristic of a printed document.",gemma,v1
J:\Genealogy\genealogy_pipeline\data\working\Screenshot 2026-05-30 230827.png,printed_document,0.98,0.95,False,False,False,False,The image consists of continuous typed prose without any tabular structure or photographic elements.,gemma,v1
J:\Genealogy\genealogy_pipeline\data\working\Screenshot 2026-05-30 230907.png,printed_document,1.0,0.8,False,False,False,False,"The image consists of continuous typed prose, fitting the description of a printed document.",gemma,v1
J:\Genealogy\genealogy_pipeline\data\working\Screenshot 2026-05-30 230930.png,printed_document,1.0,0.95,False,False,False,False,"The image consists of continuous typed prose, characteristic of a printed document.",gemma,v1
J:\Genealogy\genealogy_pipeline\data\working\Screenshot 2026-05-30 230948.png,printed_document,0.98,0.85,False,False,False,False,The image consists of typed prose forming a continuous article or text block.,gemma,v1
J:\Genealogy\genealogy_pipeline\data\working\Screenshot 2026-05-30 231008.png,printed_document,0.98,0.85,False,False,False,False,"The image consists of typed prose forming an article or text, fitting the description of a printed document.",gemma,v1
J:\Genealogy\genealogy_pipeline\data\working\Screenshot 2026-05-30 231037.png,printed_document,0.98,0.85,False,False,False,False,"The image consists of typed prose forming an article or text, which fits the definition of a printed document.",gemma,v1
J:\Genealogy\genealogy_pipeline\data\working\Screenshot 2026-05-30 231125.png,printed_document,0.98,0.95,False,False,False,False,"The image consists of continuous typed prose, fitting the description of a printed document.",gemma,v1
J:\Genealogy\genealogy_pipeline\data\working\Screenshot 2026-05-30 231147.png,printed_document,0.98,0.85,False,False,False,False,"The image consists of continuous typed prose, fitting the description of a printed document.",gemma,v1
J:\Genealogy\genealogy_pipeline\data\working\Screenshot 2026-05-30 231232.png,printed_document,0.98,0.85,False,False,False,False,"The image consists of continuous typed prose, fitting the description of a printed document.",gemma,v1
J:\Genealogy\genealogy_pipeline\data\working\Screenshot 2026-05-30 231252.png,printed_document,0.98,0.85,False,False,False,False,The image consists entirely of typed prose forming an article or historical text.,gemma,v1
J:\Genealogy\genealogy_pipeline\data\working\Screenshot 2026-05-30 231313.png,printed_document,0.98,0.85,False,False,False,False,"The image consists of continuous typed prose, characteristic of a printed document.",gemma,v1
J:\Genealogy\genealogy_pipeline\data\working\Screenshot 2026-05-30 231345.png,printed_document,0.98,0.85,False,False,False,False,"The image consists of continuous typed prose, characteristic of a printed document.",gemma,v1
J:\Genealogy\genealogy_pipeline\data\working\Screenshot 2026-05-30 231413.png,printed_document,0.98,0.85,False,False,False,False,"The image consists of continuous typed prose, characteristic of a printed document.",gemma,v1
J:\Genealogy\genealogy_pipeline\data\working\Screenshot 2026-05-30 231439.png,printed_document,1.0,0.9,False,False,False,False,The image consists of typed prose forming a narrative text without any tabular structure.,gemma,v1
J:\Genealogy\genealogy_pipeline\data\working\Screenshot 2026-05-30 231506.png,printed_document,0.98,0.95,False,False,False,False,"The image consists of typed prose, which fits the definition of a printed document.",gemma,v1
J:\Genealogy\genealogy_pipeline\data\working\Screenshot 2026-05-30 231608.png,printed_document,1.0,0.9,False,False,False,False,"The image consists of typed prose forming biographical entries, which fits the definition of printed document.",gemma,v1
J:\Genealogy\genealogy_pipeline\data\working\Screenshot 2026-05-30 231633.png,printed_document,0.98,0.95,False,False,False,False,"The image consists of typed prose, characteristic of a letter or article, without a repeating tabular structure.",gemma,v1
J:\Genealogy\genealogy_pipeline\data\working\Screenshot 2026-05-30 231653.png,printed_document,1.0,0.9,False,False,False,False,"The image consists of typed prose forming a biographical text, which fits the definition of a printed document.",gemma,v1
J:\Genealogy\genealogy_pipeline\data\working\Screenshot 2026-05-30 231723.png,printed_document,0.98,0.85,False,False,False,False,"The image consists of continuous typed prose, characteristic of a printed document.",gemma,v1
J:\Genealogy\genealogy_pipeline\data\working\Screenshot 2026-05-30 231746.png,printed_document,0.98,0.85,False,False,False,False,The image consists of continuous typed prose forming an article or text.,gemma,v1
J:\Genealogy\genealogy_pipeline\data\working\Screenshot 2026-05-30 231807.png,printed_document,0.98,0.85,False,False,False,False,The image consists of typed prose without a repeating tabular structure or complex layout.,gemma,v1
J:\Genealogy\genealogy_pipeline\data\working\Screenshot 2026-05-30 231832.png,printed_document,1.0,0.8,False,False,False,False,"The image consists of continuous typed prose, characteristic of a letter or article.",gemma,v1
J:\Genealogy\genealogy_pipeline\data\working\Screenshot 2026-05-30 231847.png,printed_document,1.0,0.9,False,False,False,False,The image consists of continuous typed prose forming an article or text.,gemma,v1
J:\Genealogy\genealogy_pipeline\data\working\Screenshot 2026-05-30 231938.png,printed_document,0.95,0.8,False,False,False,False,"The image consists of typed prose structured as numbered points, fitting the description of printed text.",gemma,v1
J:\Genealogy\genealogy_pipeline\data\working\Screenshot 2026-05-30 232446.png,printed_document,0.98,0.85,False,False,False,False,The document consists of typed prose forming an article or biographical text without a repeating tabular structure.,gemma,v1
J:\Genealogy\genealogy_pipeline\data\working\Screenshot 2026-05-30 232635.png,printed_document,0.95,0.9,False,False,False,False,"The input is a citation or bibliographic reference, which is a form of printed prose.",gemma,v1
J:\Genealogy\genealogy_pipeline\data\working\Screenshot 2026-05-31 011753.png,printed_document,0.98,0.85,False,False,False,False,"The image is a typed document structured as a formal letter or certificate with a handful of unique fields, not repeating tabular data.",gemma,v1
J:\Genealogy\genealogy_pipeline\data\working\Screenshot 2026-05-31 013148.png,printed_document,0.95,0.8,False,True,False,False,"The document presents a single entity's record with a handful of labeled fields, fitting the definition of a single-entity form.",gemma,v1
J:\Genealogy\genealogy_pipeline\data\working\Screenshot 2026-05-31 013714.png,printed_document,0.95,0.8,False,True,False,False,"The document is a single-entity form with a handful of labeled fields, not repeating rows of data.",gemma,v1
J:\Genealogy\genealogy_pipeline\data\working\Screenshot 2026-05-31 014237.png,printed_document,0.95,0.8,False,True,False,False,The document presents a handful of facts about a single land record entity rather than repeating rows of data.,gemma,v1
J:\Genealogy\genealogy_pipeline\data\working\Screenshot 2026-05-31 135815.png,printed_document,0.98,0.95,False,False,False,False,"The image consists of typed prose, fitting the description of a printed document.",gemma,v1
J:\Genealogy\genealogy_pipeline\data\working\Screenshot 2026-05-31 140942.png,printed_document,0.98,0.95,False,False,False,False,"The image consists of continuous typed prose, fitting the definition of printed document.",gemma,v1
J:\Genealogy\genealogy_pipeline\data\working\Screenshot 2026-05-31 173347.png,printed_document,0.95,0.9,False,False,False,False,"The image consists of typed prose, characteristic of a printed document, without a repeating tabular structure.",gemma,v1
J:\Genealogy\genealogy_pipeline\data\working\Screenshot 2026-05-31 173451.png,printed_document,1.0,1.0,False,False,False,False,"The input is a block of typed prose, fitting the description of printed text without a tabular or chart structure.",gemma,v1
J:\Genealogy\genealogy_pipeline\data\working\Screenshot 2026-05-31 193029.png,printed_document,1.0,0.9,False,False,False,False,"The image consists of typed prose forming an article or text, which fits the definition of a printed document.",gemma,v1
J:\Genealogy\genealogy_pipeline\data\working\Screenshot 2026-05-31 200422.png,printed_document,0.98,0.85,False,False,False,False,"The image contains typed prose without a tabular structure or repeating rows, fitting the definition of a printed document.",gemma,v1
J:\Genealogy\genealogy_pipeline\data\working\Screenshot 2026-05-31 201347.png,printed_document,0.98,0.95,False,False,False,False,"The image contains continuous typed prose, characteristic of a letter or article, without a repeating tabular structure.",gemma,v1
J:\Genealogy\genealogy_pipeline\data\working\Screenshot 2026-05-31 202545.png,printed_document,0.98,0.85,False,False,False,False,The image consists of typed prose without a repeating tabular structure or a complex layout.,gemma,v1
J:\Genealogy\genealogy_pipeline\data\working\Screenshot 2026-05-31 202734.png,printed_document,0.95,0.8,False,False,False,False,"The image contains typed prose without a repeating tabular structure, fitting the definition of a printed document.",gemma,v1
J:\Genealogy\genealogy_pipeline\data\working\Screenshot 2026-05-31 210231.png,printed_document,0.95,0.98,False,False,False,False,"The image contains continuous typed prose, fitting the description of a printed document.",gemma,v1
J:\Genealogy\genealogy_pipeline\data\working\Screenshot 2026-05-31 235843.png,printed_document,0.98,0.85,False,False,False,False,The image consists of typed prose forming an article or announcement without a repeating tabular structure.,gemma,v1
J:\Genealogy\genealogy_pipeline\data\working\Screenshot 2026-06-01 002729.png,printed_document,0.95,0.7,False,False,False,False,"The image presents a single entity's biographical details in a form-like layout, not repeating rows for many people.",gemma,v1
J:\Genealogy\genealogy_pipeline\data\working\Screenshot 2026-06-01 005656.png,printed_document,1.0,0.9,False,False,False,False,"The image consists of continuous typed prose, fitting the description of a printed document.",gemma,v1
J:\Genealogy\genealogy_pipeline\data\working\Screenshot 2026-06-01 185925.png,printed_document,0.95,0.8,False,False,False,False,"The image displays a table of contents and text, fitting the description of printed prose.",gemma,v1
J:\Genealogy\genealogy_pipeline\data\working\Screenshot 2026-06-01 190053.png,printed_document,1.0,1.0,False,False,False,False,"The input is a block of typed prose, fitting the description of printed text without a tabular or chart structure.",gemma,v1
J:\Genealogy\genealogy_pipeline\data\working\Screenshot 2026-06-01 190655.png,printed_document,0.98,0.3,False,False,False,False,The image consists of a list of abbreviations and definitions presented in a standard printed text format.,gemma,v1
J:\Genealogy\genealogy_pipeline\data\working\Screenshot 2026-06-01 190920.png,printed_document,1.0,0.9,False,False,False,False,"The image consists of continuous typed prose, characteristic of a printed document.",gemma,v1
J:\Genealogy\genealogy_pipeline\data\working\Screenshot 2026-06-01 191151.png,printed_document,1.0,0.9,False,False,False,False,"The image consists of continuous typed prose, characteristic of a printed article or text.",gemma,v1
J:\Genealogy\genealogy_pipeline\data\working\Screenshot 2026-06-01 191358.png,printed_document,0.98,0.85,False,False,False,False,"The image consists of typed prose forming an excerpt from a book or article, which fits the printed_document category.",gemma,v1
J:\Genealogy\genealogy_pipeline\data\working\Screenshot 2026-06-01 191618.png,printed_document,1.0,0.9,False,False,False,False,"The image consists of continuous typed prose, characteristic of a printed document.",gemma,v1
J:\Genealogy\genealogy_pipeline\data\working\Screenshot 2026-06-01 191715.png,printed_document,1.0,0.95,False,False,False,False,"The image consists of continuous typed prose, characteristic of a printed document.",gemma,v1
J:\Genealogy\genealogy_pipeline\data\working\Screenshot 2026-06-01 191843.png,printed_document,0.98,0.85,False,False,False,False,"The image consists of continuous typed prose, characteristic of an article or legal text.",gemma,v1
J:\Genealogy\genealogy_pipeline\data\working\Screenshot 2026-06-01 191902.png,printed_document,1.0,0.95,False,False,False,False,"The image consists of continuous typed prose, characteristic of an article or text document.",gemma,v1
J:\Genealogy\genealogy_pipeline\data\working\Screenshot 2026-06-01 191919.png,printed_document,0.98,0.85,False,False,False,False,"The image consists of continuous typed prose, characteristic of an article or text.",gemma,v1
J:\Genealogy\genealogy_pipeline\data\working\Screenshot 2026-06-01 193312.png,printed_document,0.95,0.98,False,False,False,False,"The document is typed prose, fitting the description of a printed document without a repeating tabular structure.",gemma,v1
J:\Genealogy\genealogy_pipeline\data\working\Screenshot 2026-06-01 193903.png,printed_document,1.0,0.95,False,False,False,False,"The image displays a table of contents, which is a form of printed prose structure.",gemma,v1
J:\Genealogy\genealogy_pipeline\data\working\Screenshot 2026-06-01 194233.png,printed_document,0.98,0.75,False,False,False,False,The image consists primarily of typed prose forming an article or chapter.,gemma,v1
J:\Genealogy\genealogy_pipeline\data\working\Screenshot 2026-06-01 194348.png,printed_document,1.0,0.9,False,False,False,False,"The image consists of continuous typed prose, characteristic of a printed document.",gemma,v1
J:\Genealogy\genealogy_pipeline\data\working\Screenshot 2026-06-01 194556.png,printed_document,1.0,0.95,False,False,False,False,"The image consists of continuous typed prose, characteristic of a letter or article.",gemma,v1
J:\Genealogy\genealogy_pipeline\data\working\Screenshot 2026-06-01 195002.png,printed_document,0.98,0.85,False,False,False,False,"The image consists of continuous typed prose, characteristic of a printed document.",gemma,v1
J:\Genealogy\genealogy_pipeline\data\working\Screenshot 2026-06-01 195037.png,printed_document,1.0,0.9,False,False,False,False,"The image consists of continuous typed prose, characteristic of an article or essay.",gemma,v1
J:\Genealogy\genealogy_pipeline\data\working\Screenshot 2026-06-01 195128.png,printed_document,1.0,0.9,False,False,False,False,"The image consists of continuous typed prose, characteristic of a printed document.",gemma,v1
J:\Genealogy\genealogy_pipeline\data\working\Screenshot 2026-06-01 195159.png,printed_document,1.0,0.8,False,False,False,False,"The image consists of continuous typed prose, characteristic of a letter or article.",gemma,v1
J:\Genealogy\genealogy_pipeline\data\working\Screenshot 2026-06-01 195247.png,printed_document,0.98,0.85,False,False,False,False,The image consists of continuous typed prose forming an article or chapter.,gemma,v1
J:\Genealogy\genealogy_pipeline\data\working\Screenshot 2026-06-01 195303.png,printed_document,1.0,0.9,False,False,False,False,"The image consists of continuous typed prose, characteristic of a printed document.",gemma,v1
J:\Genealogy\genealogy_pipeline\data\working\Screenshot 2026-06-01 195427.png,printed_document,1.0,0.95,False,False,False,False,"The image consists of continuous typed prose, characteristic of an article or text.",gemma,v1
J:\Genealogy\genealogy_pipeline\data\working\Screenshot 2026-06-01 195904.png,printed_document,1.0,0.9,False,False,False,False,"The image consists of continuous typed prose, characteristic of a printed document.",gemma,v1
J:\Genealogy\genealogy_pipeline\data\working\Screenshot 2026-06-01 200114.png,printed_document,1.0,0.8,False,False,False,False,"The image consists of continuous typed prose, characteristic of a printed document.",gemma,v1
J:\Genealogy\genealogy_pipeline\data\working\Screenshot 2026-06-01 200311.png,printed_document,1.0,0.9,False,False,False,False,"The image consists of continuous typed prose, characteristic of a printed document.",gemma,v1
J:\Genealogy\genealogy_pipeline\data\working\Screenshot 2026-06-01 200534.png,printed_document,1.0,0.9,False,False,False,False,"The image consists of continuous typed prose, characteristic of a printed document.",gemma,v1
J:\Genealogy\genealogy_pipeline\data\working\Screenshot 2026-06-01 200820.png,printed_document,1.0,0.9,False,False,False,False,"The image consists of continuous typed prose, characteristic of a printed document.",gemma,v1
J:\Genealogy\genealogy_pipeline\data\working\Screenshot 2026-06-01 200931.png,printed_document,1.0,0.9,False,False,False,False,"The image consists of continuous typed prose, characteristic of a printed article or text.",gemma,v1
J:\Genealogy\genealogy_pipeline\data\working\Screenshot 2026-06-01 201112.png,printed_document,1.0,0.9,False,False,False,False,"The image consists of continuous typed prose, characteristic of a printed article or text.",gemma,v1
J:\Genealogy\genealogy_pipeline\data\working\Screenshot 2026-06-01 202234.png,printed_document,1.0,0.9,False,False,False,False,"The image consists of continuous typed prose, characteristic of an article or text.",gemma,v1
J:\Genealogy\genealogy_pipeline\data\working\Screenshot 2026-06-01 205031.png,printed_document,0.98,0.85,False,False,False,False,The image consists of continuous typed prose forming an article or chapter.,gemma,v1
J:\Genealogy\genealogy_pipeline\data\working\Screenshot 2026-06-01 210709.png,printed_document,1.0,0.9,False,False,False,False,"The image consists of continuous typed prose, characteristic of a printed article or text.",gemma,v1
J:\Genealogy\genealogy_pipeline\data\working\Screenshot 2026-06-01 210724.png,printed_document,1.0,0.8,False,False,False,False,"The image consists of continuous typed prose, characteristic of a printed document.",gemma,v1
J:\Genealogy\genealogy_pipeline\data\working\Screenshot 2026-06-01 210749.png,printed_document,1.0,0.9,False,False,False,False,"The image consists of continuous typed prose, characteristic of a printed document.",gemma,v1
J:\Genealogy\genealogy_pipeline\data\working\Screenshot 2026-06-01 210829.png,printed_document,0.98,0.85,False,False,False,False,"The image consists of continuous typed prose, characteristic of an article or book page.",gemma,v1
J:\Genealogy\genealogy_pipeline\data\working\Screenshot 2026-06-01 210905.png,printed_document,1.0,0.9,False,False,False,False,"The image consists of continuous typed prose, characteristic of a printed document.",gemma,v1
J:\Genealogy\genealogy_pipeline\data\working\Screenshot 2026-06-01 211751.png,printed_document,1.0,0.9,False,False,False,False,"The image consists of continuous typed prose, characteristic of a printed document.",gemma,v1
J:\Genealogy\genealogy_pipeline\data\working\Screenshot 2026-06-01 212353.png,printed_document,1.0,0.95,False,False,False,False,"The image consists of continuous typed prose, characteristic of a printed document.",gemma,v1
J:\Genealogy\genealogy_pipeline\data\working\Screenshot 2026-06-01 212634.png,printed_document,1.0,0.95,False,False,False,False,"The image consists of continuous typed prose, characteristic of a printed document.",gemma,v1
J:\Genealogy\genealogy_pipeline\data\working\Screenshot 2026-06-01 212814.png,printed_document,1.0,0.9,False,False,False,False,"The image consists of continuous typed prose, characteristic of a printed document.",gemma,v1
J:\Genealogy\genealogy_pipeline\data\working\Screenshot 2026-06-01 212919.png,printed_document,0.98,0.85,False,False,False,False,"The image consists of continuous typed prose, characteristic of a letter or article.",gemma,v1
J:\Genealogy\genealogy_pipeline\data\working\Screenshot 2026-06-01 213202.png,printed_document,1.0,0.9,False,False,False,False,"The image consists of continuous typed prose, characteristic of a printed article or text.",gemma,v1
J:\Genealogy\genealogy_pipeline\data\working\Screenshot 2026-06-01 215005.png,printed_document,0.98,0.85,False,False,False,False,"The image consists of continuous typed prose, characteristic of a printed document.",gemma,v1
J:\Genealogy\genealogy_pipeline\data\working\Screenshot 2026-06-01 215047.png,printed_document,0.98,0.95,False,False,False,False,"The image consists of continuous typed prose, characteristic of an article or essay.",gemma,v1
J:\Genealogy\genealogy_pipeline\data\working\Screenshot 2026-06-01 215128.png,printed_document,0.98,0.95,False,False,False,False,"The image consists of continuous typed prose, characteristic of an article or text.",gemma,v1
J:\Genealogy\genealogy_pipeline\data\working\Screenshot 2026-06-01 215229.png,printed_document,1.0,0.9,False,False,False,False,"The image consists of continuous typed prose, characteristic of a printed document.",gemma,v1
J:\Genealogy\genealogy_pipeline\data\working\Screenshot 2026-06-01 215352.png,printed_document,1.0,0.9,False,False,False,False,"The image consists of continuous typed prose, characteristic of a printed document.",gemma,v1
J:\Genealogy\genealogy_pipeline\data\working\Screenshot 2026-06-01 215407.png,printed_document,1.0,0.9,False,False,False,False,"The image consists of continuous typed prose, characteristic of an article or letter.",gemma,v1
J:\Genealogy\genealogy_pipeline\data\working\Screenshot 2026-06-01 215450.png,printed_document,1.0,0.95,False,False,False,False,"The image consists of continuous typed prose, characteristic of a printed article or text.",gemma,v1
J:\Genealogy\genealogy_pipeline\data\working\Screenshot 2026-06-01 215602.png,printed_document,1.0,0.9,False,False,False,False,"The image consists of continuous typed prose, characteristic of an article or text.",gemma,v1
J:\Genealogy\genealogy_pipeline\data\working\Screenshot 2026-06-01 215627.png,printed_document,1.0,0.9,False,False,False,False,"The image consists of continuous typed prose, characteristic of an article or text.",gemma,v1
J:\Genealogy\genealogy_pipeline\data\working\Screenshot 2026-06-01 215705.png,printed_document,1.0,0.9,False,False,False,False,"The image consists of continuous typed prose, characteristic of an article or text.",gemma,v1
J:\Genealogy\genealogy_pipeline\data\working\Screenshot 2026-06-01 215728.png,printed_document,1.0,0.9,False,False,False,False,"The image consists of continuous typed prose, characteristic of an article or text.",gemma,v1
J:\Genealogy\genealogy_pipeline\data\working\Screenshot 2026-06-01 215858.png,printed_document,1.0,0.9,False,False,False,False,"The image displays a table of contents, which is a form of printed prose structure.",gemma,v1
J:\Genealogy\genealogy_pipeline\data\working\Screenshot 2026-06-01 221016.png,printed_document,0.98,0.85,False,False,False,False,The image consists primarily of typed prose forming a chapter section without any tabular structure or photographs.,gemma,v1
J:\Genealogy\genealogy_pipeline\data\working\Screenshot 2026-06-01 221029.png,printed_document,1.0,0.9,False,False,False,False,"The image consists of continuous typed prose, characteristic of an article or text.",gemma,v1
J:\Genealogy\genealogy_pipeline\data\working\Screenshot 2026-06-01 221047.png,printed_document,1.0,0.9,False,False,False,False,"The image consists of continuous typed prose, characteristic of a printed article or text.",gemma,v1
J:\Genealogy\genealogy_pipeline\data\working\Screenshot 2026-06-01 221105.png,printed_document,1.0,0.8,False,False,False,False,"The image consists of continuous typed prose, characteristic of a printed document.",gemma,v1
J:\Genealogy\genealogy_pipeline\data\working\Screenshot 2026-06-01 221218.png,printed_document,1.0,0.9,False,False,False,False,"The image consists of continuous typed prose, characteristic of a printed document.",gemma,v1
J:\Genealogy\genealogy_pipeline\data\working\Screenshot 2026-06-01 221231.png,printed_document,1.0,0.9,False,False,False,False,"The image consists of continuous typed prose, characteristic of a printed document.",gemma,v1
J:\Genealogy\genealogy_pipeline\data\working\Screenshot 2026-06-01 221314.png,printed_document,1.0,0.9,False,False,False,False,"The image contains continuous typed prose, characteristic of a printed document.",gemma,v1
J:\Genealogy\genealogy_pipeline\data\working\Screenshot 2026-06-01 221340.png,printed_document,1.0,0.9,False,False,False,False,"The image consists of continuous typed prose, characteristic of a printed document.",gemma,v1
J:\Genealogy\genealogy_pipeline\data\working\Screenshot 2026-06-01 221431.png,printed_document,1.0,0.9,False,False,False,False,"The image consists of continuous typed prose, characteristic of a printed document.",gemma,v1
J:\Genealogy\genealogy_pipeline\data\working\Screenshot 2026-06-01 221442.png,printed_document,1.0,0.9,False,False,False,False,"The image consists of continuous typed prose, characteristic of a printed article or text.",gemma,v1
J:\Genealogy\genealogy_pipeline\data\working\Screenshot 2026-06-01 221507.png,printed_document,0.98,0.75,False,False,False,False,The image consists primarily of typed prose forming an article or chapter.,gemma,v1
J:\Genealogy\genealogy_pipeline\data\working\Screenshot 2026-06-01 221526.png,printed_document,1.0,0.9,False,False,False,False,"The image consists of continuous typed prose, characteristic of an article or text.",gemma,v1
J:\Genealogy\genealogy_pipeline\data\working\Screenshot 2026-06-01 221545.png,printed_document,1.0,0.9,False,False,False,False,"The image consists of continuous typed prose, characteristic of a printed document.",gemma,v1
J:\Genealogy\genealogy_pipeline\data\working\Screenshot 2026-06-01 221611.png,printed_document,1.0,0.8,False,False,False,False,"The image consists of continuous typed prose, characteristic of a printed document.",gemma,v1
J:\Genealogy\genealogy_pipeline\data\working\Screenshot 2026-06-01 221656.png,printed_document,1.0,0.9,False,False,False,False,"The image consists of continuous typed prose, characteristic of a printed document.",gemma,v1
J:\Genealogy\genealogy_pipeline\data\working\Screenshot 2026-06-01 221840.png,printed_document,1.0,0.8,False,False,False,False,"The image consists of continuous typed prose, characteristic of a printed document.",gemma,v1
J:\Genealogy\genealogy_pipeline\data\working\Screenshot 2026-06-01 222055.png,printed_document,1.0,0.9,False,False,False,False,"The image consists of continuous typed prose, characteristic of a printed document.",gemma,v1
J:\Genealogy\genealogy_pipeline\data\working\Screenshot 2026-06-01 222133.png,printed_document,1.0,0.9,False,False,False,False,"The image consists of continuous typed prose, characteristic of a printed document.",gemma,v1
J:\Genealogy\genealogy_pipeline\data\working\Screenshot 2026-06-01 222149.png,printed_document,1.0,0.9,False,False,False,False,"The image consists of continuous typed prose, characteristic of a printed article or text.",gemma,v1
J:\Genealogy\genealogy_pipeline\data\working\Screenshot 2026-06-01 222201.png,printed_document,1.0,0.95,False,False,False,False,"The image consists of continuous typed prose, characteristic of a printed document.",gemma,v1
J:\Genealogy\genealogy_pipeline\data\working\Screenshot 2026-06-01 222213.png,printed_document,1.0,0.9,False,False,False,False,"The image consists of continuous typed prose, characteristic of a printed document.",gemma,v1
J:\Genealogy\genealogy_pipeline\data\working\Screenshot 2026-06-01 222228.png,printed_document,1.0,0.9,False,False,False,False,"The image consists of continuous typed prose, characteristic of a printed document.",gemma,v1
J:\Genealogy\genealogy_pipeline\data\working\Screenshot 2026-06-01 222242.png,printed_document,1.0,0.8,False,False,False,False,"The image consists of continuous typed prose, characteristic of a printed document.",gemma,v1
J:\Genealogy\genealogy_pipeline\data\working\Screenshot 2026-06-02 183246.png,printed_document,1.0,0.3,False,False,False,False,"The image contains typed prose and navigation links, fitting the description of printed text.",gemma,v1
J:\Genealogy\genealogy_pipeline\data\working\Screenshot 2026-06-02 185739.png,printed_document,0.98,0.95,False,False,False,False,"The image contains typed prose on a plaque, fitting the description of a printed document.",gemma,v1
J:\Genealogy\genealogy_pipeline\data\working\Screenshot 2026-06-02 190749.png,printed_document,0.98,0.95,False,False,False,False,The image consists entirely of typed prose forming an article or historical text.,gemma,v1
J:\Genealogy\genealogy_pipeline\data\working\Screenshot 2026-06-02 224645.png,printed_document,0.98,0.95,False,False,False,False,The image contains typed prose which is characteristic of a printed document without a repeating tabular structure.,gemma,v1
J:\Genealogy\genealogy_pipeline\data\working\Screenshot 2026-06-03 011000.png,printed_document,0.95,0.98,False,False,False,False,"The input is continuous prose, characteristic of typed or printed text, without a repeating tabular structure.",gemma,v1
J:\Genealogy\genealogy_pipeline\data\working\Screenshot 2026-06-03 011023.png,printed_document,0.98,0.75,True,False,False,False,"The document is a typed official letter or certificate with a handful of unique fields, not repeating tabular data.",gemma,v1
J:\Genealogy\genealogy_pipeline\data\working\Screenshot 2026-06-03 215941.png,printed_document,0.95,0.1,False,False,False,False,"The input is a block of typed prose, fitting the description of printed text without a tabular or chart structure.",gemma,v1
J:\Genealogy\genealogy_pipeline\data\working\Screenshot 2026-06-03 220319.png,printed_document,0.98,0.95,False,False,False,False,"The image consists of continuous prose, which classifies it as printed text without a tabular or chart structure.",gemma,v1
J:\Genealogy\genealogy_pipeline\data\working\Screenshot 2026-06-03 225510.png,printed_document,0.98,0.95,False,False,False,False,"The image contains typed prose forming a news article, which fits the definition of a printed document.",gemma,v1
J:\Genealogy\genealogy_pipeline\data\working\Screenshot 2026-06-04 004820.png,printed_document,0.98,0.95,False,False,False,False,The image consists of continuous typed prose without a repeating tabular structure or complex layout.,gemma,v1
J:\Genealogy\genealogy_pipeline\data\working\Screenshot 2026-06-04 005721.png,printed_document,0.98,0.85,False,False,False,False,The image consists of typed prose without a repeating tabular structure or a complex chart layout.,gemma,v1
J:\Genealogy\genealogy_pipeline\data\working\Screenshot 2026-06-04 010845.png,printed_document,0.98,0.75,False,False,False,False,"The image consists of typed prose, characteristic of a letter, without a repeating tabular structure.",gemma,v1
J:\Genealogy\genealogy_pipeline\data\working\Screenshot 2026-06-04 011203.png,printed_document,0.98,0.85,False,False,False,False,"The image is a typed letter, which falls under the printed_document category.",gemma,v1
J:\Genealogy\genealogy_pipeline\data\working\Screenshot 2026-06-04 012907.png,printed_document,0.95,0.8,False,False,False,False,The image consists of typed prose without a repeating tabular structure or complex chart layout.,gemma,v1
J:\Genealogy\genealogy_pipeline\data\working\Screenshot 2026-06-05 083020.png,printed_document,1.0,0.95,False,False,False,False,"The image consists entirely of typed prose, fitting the description of printed document.",gemma,v1
J:\Genealogy\genealogy_pipeline\data\working\Screenshot 2026-06-05 192555.png,printed_document,0.95,0.8,False,False,False,False,"The input consists of continuous prose, which classifies it as printed text without a repeating tabular structure.",gemma,v1
J:\Genealogy\genealogy_pipeline\data\working\Screenshot 2026-06-05 193114.png,printed_document,0.98,0.95,False,False,False,False,The image consists of typed prose without a repeating tabular structure or complex layout.,gemma,v1
J:\Genealogy\genealogy_pipeline\data\working\Screenshot 2026-06-05 194627.png,printed_document,0.98,0.85,False,False,False,False,The image consists of continuous typed prose forming a chapter or article.,gemma,v1
J:\Genealogy\genealogy_pipeline\data\working\Screenshot 2026-06-05 194658.png,printed_document,0.98,0.95,False,False,False,False,"The image consists of continuous typed prose, characteristic of a letter or article.",gemma,v1
J:\Genealogy\genealogy_pipeline\data\working\Screenshot 2026-06-05 194901.png,printed_document,1.0,0.9,False,False,False,False,"The image consists of continuous typed prose, characteristic of a printed document.",gemma,v1
J:\Genealogy\genealogy_pipeline\data\working\Screenshot 2026-06-05 195030.png,printed_document,1.0,0.9,False,False,False,False,"The image consists of continuous typed prose, characteristic of a printed document.",gemma,v1
J:\Genealogy\genealogy_pipeline\data\working\Screenshot 2026-06-05 195639.png,printed_document,1.0,0.8,False,False,False,False,"The image consists of continuous typed prose, fitting the description of a printed document.",gemma,v1
J:\Genealogy\genealogy_pipeline\data\working\Screenshot 2026-06-05 195838.png,printed_document,0.98,0.85,False,False,False,False,The image consists of continuous typed prose forming an article or chapter.,gemma,v1
J:\Genealogy\genealogy_pipeline\data\working\Screenshot 2026-06-05 195857.png,printed_document,0.98,0.85,False,False,False,False,"The image consists of continuous typed prose, characteristic of a printed document.",gemma,v1
J:\Genealogy\genealogy_pipeline\data\working\Screenshot 2026-06-05 200011.png,printed_document,0.98,0.95,False,False,False,False,"The image consists of continuous typed prose, characteristic of a printed document.",gemma,v1
J:\Genealogy\genealogy_pipeline\data\working\Screenshot 2026-06-05 200207.png,printed_document,1.0,0.9,False,False,False,False,"The image consists of continuous typed prose, fitting the description of a printed document.",gemma,v1
J:\Genealogy\genealogy_pipeline\data\working\Screenshot 2026-06-05 200259.png,printed_document,0.98,0.85,False,False,False,False,"The image consists of continuous typed prose, characteristic of a printed document.",gemma,v1
J:\Genealogy\genealogy_pipeline\data\working\Screenshot 2026-06-05 200939.png,printed_document,0.98,0.85,False,False,False,False,"The image consists of continuous typed prose, fitting the description of a printed document.",gemma,v1
J:\Genealogy\genealogy_pipeline\data\working\Screenshot 2026-06-05 201523.png,printed_document,0.98,0.85,False,False,False,False,The image consists of continuous typed prose forming a chapter or article.,gemma,v1
J:\Genealogy\genealogy_pipeline\data\working\Screenshot 2026-06-05 201543.png,printed_document,0.98,0.95,False,False,False,False,"The image consists of continuous typed prose, fitting the description of a printed document.",gemma,v1
J:\Genealogy\genealogy_pipeline\data\working\Screenshot 2026-06-05 201610.png,printed_document,1.0,0.9,False,False,False,False,"The image consists of continuous typed prose, fitting the description of a printed document.",gemma,v1
J:\Genealogy\genealogy_pipeline\data\working\Screenshot 2026-06-05 201632.png,printed_document,0.98,0.85,False,False,False,False,"The image consists of continuous typed prose, characteristic of a printed document.",gemma,v1
J:\Genealogy\genealogy_pipeline\data\working\Screenshot 2026-06-05 201759.png,printed_document,1.0,0.95,False,False,False,False,"The image consists of continuous typed prose, characteristic of a printed document.",gemma,v1
J:\Genealogy\genealogy_pipeline\data\working\Screenshot 2026-06-05 201815.png,printed_document,0.98,0.95,False,False,False,False,"The image consists of continuous typed prose, characteristic of a printed document.",gemma,v1
J:\Genealogy\genealogy_pipeline\data\working\Screenshot 2026-06-05 201913.png,printed_document,0.98,0.85,False,False,False,False,The image consists of continuous typed prose forming an article or chapter.,gemma,v1
J:\Genealogy\genealogy_pipeline\data\working\Screenshot 2026-06-05 202113.png,printed_document,1.0,0.9,False,False,False,False,"The image consists of continuous typed prose, fitting the description of a printed document.",gemma,v1
J:\Genealogy\genealogy_pipeline\data\working\Screenshot 2026-06-05 202138.png,printed_document,1.0,0.95,False,False,False,False,"The image consists of continuous typed prose, characteristic of a printed document.",gemma,v1
J:\Genealogy\genealogy_pipeline\data\working\Screenshot 2026-06-05 202155.png,printed_document,1.0,0.9,False,False,False,False,"The image consists of continuous typed prose, characteristic of a printed document.",gemma,v1
J:\Genealogy\genealogy_pipeline\data\working\Screenshot 2026-06-05 202254.png,printed_document,1.0,0.9,False,False,False,False,"The image consists of continuous typed prose, fitting the definition of a printed document.",gemma,v1
J:\Genealogy\genealogy_pipeline\data\working\Screenshot 2026-06-05 202330.png,printed_document,0.98,0.85,False,False,False,False,"The image consists of continuous typed prose forming a chapter section, which fits the definition of a printed document.",gemma,v1
J:\Genealogy\genealogy_pipeline\data\working\Screenshot 2026-06-05 202409.png,printed_document,0.98,0.85,False,False,False,False,"The image consists of continuous typed prose, characteristic of a printed document.",gemma,v1
J:\Genealogy\genealogy_pipeline\data\working\Screenshot 2026-06-05 202454.png,printed_document,0.98,0.85,False,False,False,False,"The image contains typed prose describing historical events and locations, fitting the definition of a printed document.",gemma,v1
J:\Genealogy\genealogy_pipeline\data\working\Screenshot 2026-06-05 202543.png,printed_document,1.0,0.9,False,False,False,False,"The image consists of continuous typed prose, fitting the description of a printed document.",gemma,v1
J:\Genealogy\genealogy_pipeline\data\working\Screenshot 2026-06-05 202639.png,printed_document,1.0,0.9,False,False,False,False,"The image consists of continuous typed prose, characteristic of a printed document.",gemma,v1
J:\Genealogy\genealogy_pipeline\data\working\Screenshot 2026-06-05 202656.png,printed_document,1.0,0.8,False,False,False,False,"The image contains continuous typed prose, characteristic of a printed document.",gemma,v1
J:\Genealogy\genealogy_pipeline\data\working\Screenshot 2026-06-05 202807.png,printed_document,0.98,0.85,False,False,False,False,The image contains substantial printed prose without a tabular structure or dominant photograph.,gemma,v1
J:\Genealogy\genealogy_pipeline\data\working\Screenshot 2026-06-05 202857.png,printed_document,0.98,0.95,False,False,False,False,"The image consists of continuous typed prose, fitting the definition of a printed document.",gemma,v1
J:\Genealogy\genealogy_pipeline\data\working\Screenshot 2026-06-05 202922.png,printed_document,0.98,0.85,False,False,False,False,The image consists of continuous typed prose forming an article or chapter text.,gemma,v1
J:\Genealogy\genealogy_pipeline\data\working\Screenshot 2026-06-05 203048.png,printed_document,0.98,0.95,False,False,False,False,"The image consists of continuous typed prose, characteristic of a printed document.",gemma,v1
J:\Genealogy\genealogy_pipeline\data\working\Screenshot 2026-06-05 203126.png,printed_document,0.98,0.95,False,False,False,False,"The image consists of continuous typed prose, characteristic of a letter or article.",gemma,v1
J:\Genealogy\genealogy_pipeline\data\working\Screenshot 2026-06-05 203157.png,printed_document,0.98,0.85,False,False,False,False,"The image consists of continuous typed prose, characteristic of a letter or article.",gemma,v1
J:\Genealogy\genealogy_pipeline\data\working\Screenshot 2026-06-05 203226.png,printed_document,0.98,0.85,False,False,False,False,"The image consists of continuous prose, characteristic of a printed document, without any tabular structure or photographic elements.",gemma,v1
J:\Genealogy\genealogy_pipeline\data\working\Screenshot 2026-06-05 203307.png,printed_document,1.0,0.95,False,False,False,False,"The image consists of continuous typed prose, characteristic of a letter or article.",gemma,v1
J:\Genealogy\genealogy_pipeline\data\working\Screenshot 2026-06-05 203321.png,printed_document,0.98,0.85,False,False,False,False,The image consists entirely of typed prose forming a narrative text.,gemma,v1
J:\Genealogy\genealogy_pipeline\data\working\Screenshot 2026-06-05 203346.png,printed_document,0.98,0.85,False,False,False,False,"The image consists of continuous typed prose, fitting the description of a printed document.",gemma,v1
J:\Genealogy\genealogy_pipeline\data\working\Screenshot 2026-06-05 203938.png,printed_document,0.98,0.85,False,False,False,False,"The image consists of continuous typed prose, fitting the description of a printed document.",gemma,v1
J:\Genealogy\genealogy_pipeline\data\working\Screenshot 2026-06-05 205829.png,printed_document,1.0,0.9,False,False,False,False,"The input is a list of bibliographic references and citations, which constitutes printed prose.",gemma,v1
J:\Genealogy\genealogy_pipeline\data\working\Screenshot 2026-06-05 210228.png,printed_document,0.98,0.85,False,False,False,False,The image contains substantial typed prose without a repeating tabular structure or a dominant photograph.,gemma,v1
J:\Genealogy\genealogy_pipeline\data\working\Screenshot 2026-06-05 210248.png,printed_document,0.98,0.95,False,False,False,False,"The image consists of continuous typed prose, characteristic of a letter or article.",gemma,v1
J:\Genealogy\genealogy_pipeline\data\working\Screenshot 2026-06-05 210458.png,printed_document,0.98,0.95,False,False,False,False,"The image consists of continuous typed prose, characteristic of a letter or article, without any tabular structure.",gemma,v1
J:\Genealogy\genealogy_pipeline\data\working\Screenshot 2026-06-05 210531.png,printed_document,1.0,0.9,False,False,False,False,"The image consists entirely of continuous typed prose, characteristic of a printed document.",gemma,v1
J:\Genealogy\genealogy_pipeline\data\working\Screenshot 2026-06-05 210651.png,printed_document,0.95,0.8,False,False,False,False,"The image consists of continuous typed prose, characteristic of a letter or article, without a repeating tabular structure.",gemma,v1
J:\Genealogy\genealogy_pipeline\data\working\Screenshot 2026-06-05 210706.png,printed_document,0.95,0.3,False,False,False,False,"The input consists of a list of names and dates, which is structured as prose rather than a repeating tabular format.",gemma,v1
J:\Genealogy\genealogy_pipeline\data\working\Screenshot 2026-06-05 211005.png,printed_document,1.0,0.9,False,False,False,False,"The image consists of continuous typed prose, characteristic of a printed document.",gemma,v1
J:\Genealogy\genealogy_pipeline\data\working\Screenshot 2026-06-05 214029.png,printed_document,0.95,0.8,False,False,False,False,"The image consists of a typed list of names and associated text, fitting the description of printed prose.",gemma,v1
J:\Genealogy\genealogy_pipeline\data\working\Screenshot 2026-06-05 214440.png,printed_document,0.98,0.3,False,False,False,False,The image consists entirely of typed prose forming a narrative text.,gemma,v1
J:\Genealogy\genealogy_pipeline\data\working\Screenshot 2026-06-05 214710.png,printed_document,0.98,0.85,False,False,False,False,"The image consists of continuous typed prose, fitting the description of a printed document.",gemma,v1
J:\Genealogy\genealogy_pipeline\data\working\Screenshot 2026-06-05 215009.png,printed_document,0.98,0.85,False,False,False,False,The image consists of continuous typed prose forming an article or text passage.,gemma,v1
J:\Genealogy\genealogy_pipeline\data\working\Screenshot 2026-06-05 215319.png,printed_document,0.98,0.85,False,False,False,False,The image consists of typed prose forming an article or biographical text without a repeating tabular structure.,gemma,v1
J:\Genealogy\genealogy_pipeline\data\working\Screenshot 2026-06-05 215343.png,printed_document,0.98,0.95,False,False,False,False,The image contains substantial typed prose without a repeating tabular structure or a complex chart layout.,gemma,v1
J:\Genealogy\genealogy_pipeline\data\working\Screenshot 2026-06-05 215653.png,printed_document,0.95,0.8,False,False,False,False,"The input is typed prose, which fits the definition of printed document without a repeating tabular structure.",gemma,v1
J:\Genealogy\genealogy_pipeline\data\working\Screenshot 2026-06-05 215722.png,printed_document,1.0,0.9,False,False,False,False,"The image consists of continuous typed prose, fitting the description of a printed document.",gemma,v1
J:\Genealogy\genealogy_pipeline\data\working\Screenshot 2026-06-05 220324.png,printed_document,0.98,0.95,False,False,False,False,"The image consists of continuous typed prose, characteristic of a printed document.",gemma,v1
J:\Genealogy\genealogy_pipeline\data\working\Screenshot 2026-06-05 220521.png,printed_document,1.0,0.8,False,False,False,False,"The image consists of continuous typed prose, characteristic of a printed document.",gemma,v1
J:\Genealogy\genealogy_pipeline\data\working\Screenshot 2026-06-05 220813.png,printed_document,1.0,0.9,False,False,False,False,"The image consists of continuous typed prose, characteristic of a printed document.",gemma,v1
J:\Genealogy\genealogy_pipeline\data\working\Screenshot 2026-06-05 221845.png,printed_document,0.98,0.95,False,False,False,False,"The input is a block of typed prose, fitting the description of printed text without a repeating tabular structure.",gemma,v1
J:\Genealogy\genealogy_pipeline\data\working\Screenshot 2026-06-05 225721.png,printed_document,1.0,0.9,False,False,False,False,"The image consists of continuous typed prose, characteristic of a printed document.",gemma,v1
J:\Genealogy\genealogy_pipeline\data\working\Screenshot 2026-06-05 225739.png,printed_document,0.98,0.85,False,False,False,False,"The image consists of continuous typed prose, characteristic of a printed document.",gemma,v1
J:\Genealogy\genealogy_pipeline\data\working\Screenshot 2026-06-05 225807.png,printed_document,0.98,0.95,False,False,False,False,"The image consists of continuous typed prose, characteristic of a printed document.",gemma,v1
J:\Genealogy\genealogy_pipeline\data\working\Screenshot 2026-06-05 230547.png,printed_document,0.98,0.85,False,False,False,False,"The image consists of typed prose forming a narrative, which fits the definition of a printed document.",gemma,v1
J:\Genealogy\genealogy_pipeline\data\working\Screenshot 2026-06-05 230854.png,printed_document,1.0,0.9,False,False,False,False,"The image consists of continuous typed prose, fitting the description of a printed document.",gemma,v1
J:\Genealogy\genealogy_pipeline\data\working\Screenshot 2026-06-06 003250.png,printed_document,0.95,0.4,False,False,False,False,"The image contains a single, formatted text plaque, which fits the description of a single-entity form.",gemma,v1
J:\Genealogy\genealogy_pipeline\data\working\Screenshot 2026-06-06 114647.png,printed_document,0.95,0.8,False,False,False,False,The document appears to be a single record with a handful of labeled fields rather than repeating rows of data.,gemma,v1
J:\Genealogy\genealogy_pipeline\data\working\Screenshot 2026-06-06 150757.png,printed_document,0.98,0.4,False,False,False,False,"The image contains typed text and a single-entity form structure, fitting the printed_document classification.",gemma,v1
J:\Genealogy\genealogy_pipeline\data\working\Screenshot 2026-06-06 155538.png,printed_document,0.95,0.3,False,False,False,False,"The item appears to be a bibliographic or catalog entry, which is a form-like structure with a handful of facts about an item once.",gemma,v1
J:\Genealogy\genealogy_pipeline\data\working\Screenshot 2026-06-06 184021.png,printed_document,0.95,0.8,False,False,False,False,"The image contains typed prose presenting biographical information about an individual, fitting the description of a printed document.",gemma,v1
J:\Genealogy\genealogy_pipeline\data\working\Screenshot 2026-06-06 185227.png,printed_document,0.95,0.4,False,False,False,False,"The image displays a single document-like item with a few distinct fields, not repeating rows of data.",gemma,v1
J:\Genealogy\genealogy_pipeline\data\working\Screenshot 2026-06-06 190924.png,printed_document,0.95,0.85,True,False,False,False,"This is a single-entity form with a handful of labeled fields, fitting the definition of a printed document.",gemma,v1
J:\Genealogy\genealogy_pipeline\data\working\Screenshot 2026-06-06 191136.png,printed_document,0.98,0.85,True,False,False,False,"This is a single-entity form with labeled fields, characteristic of a printed marriage license.",gemma,v1
J:\Genealogy\genealogy_pipeline\data\working\Screenshot 2026-06-07 173021.png,printed_document,0.95,0.3,False,False,False,False,"The image contains a printed memorial stone, which is classified as a single-entity form rather than a repeating tabular document.",gemma,v1
J:\Genealogy\genealogy_pipeline\data\working\Screenshot 2026-06-07 174737.png,printed_document,0.95,0.4,False,False,False,False,This document presents a handful of facts about a deceased person using a single-entity form structure.,gemma,v1
J:\Genealogy\genealogy_pipeline\data\working\Screenshot 2026-06-07 175502.png,printed_document,0.95,0.3,False,False,False,False,"The image displays text citations attached to a death record, which is a form-like document with a handful of facts about one entity.",gemma,v1
J:\Genealogy\genealogy_pipeline\data\working\Screenshot 2026-06-07 175924.png,printed_document,0.95,0.85,False,False,False,False,"The document presents a handful of single-entity death details in a labeled form structure, fitting the printed_document definition.",gemma,v1
J:\Genealogy\genealogy_pipeline\data\working\Screenshot 2026-06-07 180739.png,printed_document,0.95,0.8,False,False,False,False,"This is a single memorial stone with a handful of labeled fields, fitting the description of a single-entity form.",gemma,v1
J:\Genealogy\genealogy_pipeline\data\working\Screenshot 2026-06-07 194239.png,printed_document,0.98,0.4,False,False,False,False,"The document is a printed title page or form with a handful of labeled fields, not repeating rows of data.",gemma,v1
J:\Genealogy\genealogy_pipeline\data\working\Screenshot 2026-06-07 194421.png,printed_document,0.98,0.4,False,False,False,False,This is a printed document with a handful of labeled fields rather than repeated tabular data.,gemma,v1
J:\Genealogy\genealogy_pipeline\data\working\Screenshot 2026-06-07 194648.png,printed_document,0.98,0.4,False,False,False,False,"The document is a printed title page or form with a handful of labeled fields, not repeating rows of data.",gemma,v1
J:\Genealogy\genealogy_pipeline\data\working\Screenshot 2026-06-07 194733.png,printed_document,0.98,0.85,False,False,False,False,"The image consists of typed text and labels on a single form, fitting the description of a single-entity printed document.",gemma,v1
J:\Genealogy\genealogy_pipeline\data\working\Screenshot 2026-06-07 195628.png,printed_document,0.98,0.3,False,False,False,False,"The image consists of typed text and labels structured as a document header and descriptive fields, not repeating tabular data.",gemma,v1
J:\Genealogy\genealogy_pipeline\data\working\Screenshot 2026-06-07 201653.png,printed_document,0.98,0.4,False,False,False,False,The image is a printed document with a few labeled fields and no repeated tabular data.,gemma,v1
J:\Genealogy\genealogy_pipeline\data\working\Screenshot 2026-06-07 201920.png,printed_document,0.98,0.75,False,False,False,False,"The image is a printed document featuring a title, classification codes, and descriptive fields, not a repeating tabular structure.",gemma,v1
J:\Genealogy\genealogy_pipeline\data\working\Screenshot 2026-06-07 215355.png,printed_document,0.98,0.95,False,False,False,False,"The image is a typed document containing formal text and structured questions, fitting the printed_document category.",gemma,v1
J:\Genealogy\genealogy_pipeline\data\working\Screenshot 2026-06-07 215552.png,printed_document,0.98,0.95,False,False,False,False,"The image is a typed attestation paper with a handful of labeled fields, fitting the description of a single-entity form.",gemma,v1
J:\Genealogy\genealogy_pipeline\data\working\Screenshot 2026-06-07 220439.png,printed_document,0.98,0.85,True,False,False,False,"The image is a single, typed declaration form with a handful of labeled fields, fitting the printed_document criteria.",gemma,v1
J:\Genealogy\genealogy_pipeline\data\working\Screenshot 2026-06-07 220803.png,printed_document,0.98,0.85,False,False,False,False,"This is a typed application form with a handful of one-time labeled fields, fitting the printed_document category.",gemma,v1
J:\Genealogy\genealogy_pipeline\data\working\Screenshot 2026-06-07 224840.png,printed_document,0.98,0.95,False,False,False,False,"This is a typed certificate with a handful of one-time labeled fields, fitting the printed_document definition.",gemma,v1
J:\Genealogy\genealogy_pipeline\data\working\Screenshot 2026-06-07 225716.png,printed_document,0.95,0.4,False,False,False,False,The document is a single-entity form with a handful of labeled fields rather than repeating rows of data.,gemma,v1
J:\Genealogy\genealogy_pipeline\data\working\Screenshot 2026-06-07 225820.png,printed_document,0.98,0.75,False,False,False,False,The document is a single-entity form with labeled fields rather than repeating rows of data.,gemma,v1
J:\Genealogy\genealogy_pipeline\data\working\Screenshot 2026-06-07 230107.png,printed_document,0.95,0.85,False,False,False,False,The document is a single-entity form with labeled fields rather than repeating tabular data.,gemma,v1
J:\Genealogy\genealogy_pipeline\data\working\Screenshot 2026-06-07 231554.png,printed_document,0.98,0.85,False,False,False,False,"The image is a typed medical history form with a handful of single-entity fields, fitting the printed_document classification.",gemma,v1
J:\Genealogy\genealogy_pipeline\data\working\Screenshot 2026-06-07 232331.png,printed_document,0.98,0.85,False,False,False,False,"The document is a typed military record form with a handful of single-entity fields, fitting the printed_document classification.",gemma,v1
J:\Genealogy\genealogy_pipeline\data\working\Screenshot 2026-06-08 002103.png,printed_document,0.95,0.8,False,False,False,False,"The image consists of typed prose discussing DNA connections, fitting the description of printed text.",gemma,v1
J:\Genealogy\genealogy_pipeline\data\working\Screenshot 2026-06-08 005224.png,printed_document,0.95,0.8,False,False,False,False,"The image contains typed prose discussing connections and test-takers, fitting the description of printed text.",gemma,v1
J:\Genealogy\genealogy_pipeline\data\working\Screenshot 2026-06-08 012338.png,printed_document,0.95,0.8,False,False,False,False,"The document presents a handful of facts about one person using a labeled field structure, fitting the printed_document definition.",gemma,v1
J:\Genealogy\genealogy_pipeline\data\working\Screenshot 2026-06-08 163848.png,printed_document,1.0,0.95,False,False,False,False,"The image consists of continuous typed prose, fitting the description of a printed document.",gemma,v1
J:\Genealogy\genealogy_pipeline\data\working\Screenshot 2026-06-08 173308.png,printed_document,1.0,1.0,False,False,False,False,"The image consists of continuous typed prose, fitting the description of a printed document.",gemma,v1
J:\Genealogy\genealogy_pipeline\data\working\Screenshot 2026-06-09 002434.png,printed_document,0.95,0.8,False,True,False,False,The document presents a handful of labeled fields about a single entity rather than repeating rows of data.,gemma,v1
J:\Genealogy\genealogy_pipeline\data\working\Screenshot 2026-06-09 121651.png,printed_document,0.95,0.8,False,True,False,False,"The image displays a single, structured form with a handful of one-time labeled fields, characteristic of a single-entity document.",gemma,v1
J:\Genealogy\genealogy_pipeline\data\working\Screenshot 2026-06-09 222518.png,printed_document,0.95,0.4,False,False,False,False,The document appears to be a typed official letter or form with a handful of unique fields rather than repeated tabular data.,gemma,v1
J:\Genealogy\genealogy_pipeline\data\working\Screenshot 2026-06-09 233043.png,printed_document,0.98,0.6,False,False,False,False,"The image contains typed prose, characteristic of a letter, without a repeating tabular structure.",gemma,v1
J:\Genealogy\genealogy_pipeline\data\working\Screenshot 2026-06-09 233835.png,printed_document,0.98,0.85,True,False,False,False,"The image contains typed prose in the form of a letter, which fits the definition of a printed document.",gemma,v1
J:\Genealogy\genealogy_pipeline\data\working\Screenshot 2026-06-10 010107.png,printed_document,0.95,0.85,False,False,False,False,"The image contains typed text and a single-entity communication format, fitting the description of a printed document.",gemma,v1
J:\Genealogy\genealogy_pipeline\data\working\Screenshot 2026-06-10 010310.png,printed_document,0.98,0.85,False,False,False,False,"The image is a typed letter, which falls under the printed_document category.",gemma,v1
J:\Genealogy\genealogy_pipeline\data\working\Screenshot 2026-06-10 011030.png,printed_document,0.95,0.8,True,False,False,False,"The image contains printed text and handwritten notations on a single document, fitting the description of a printed document.",gemma,v1
J:\Genealogy\genealogy_pipeline\data\working\Screenshot 2026-06-10 011934.png,printed_document,0.98,0.75,True,False,False,False,"The image consists primarily of typed prose and a letter format, fitting the description of a printed document.",gemma,v1
J:\Genealogy\genealogy_pipeline\data\working\Screenshot 2026-06-10 012334.png,printed_document,0.98,0.85,False,False,False,False,"The image contains typed prose in the form of a letter, which fits the printed_document category.",gemma,v1
J:\Genealogy\genealogy_pipeline\data\working\Screenshot 2026-06-10 013026.png,printed_document,0.98,0.85,False,False,False,False,The image consists of typed prose forming a letter or article without a repeating tabular structure.,gemma,v1
J:\Genealogy\genealogy_pipeline\data\working\Screenshot 2026-06-10 014834.png,printed_document,0.95,0.6,False,False,False,False,"The image contains typed prose and addresses, fitting the description of a printed document.",gemma,v1
J:\Genealogy\genealogy_pipeline\data\working\Screenshot 2026-06-10 015234.png,printed_document,0.98,0.85,False,False,False,False,"The image consists of typed prose, characteristic of a letter or announcement, without a repeating tabular structure.",gemma,v1
J:\Genealogy\genealogy_pipeline\data\working\Screenshot 2026-06-10 015437.png,printed_document,0.98,0.95,False,False,False,False,"The image contains typed prose structured as an advertisement or notice, fitting the definition of a printed document.",gemma,v1
J:\Genealogy\genealogy_pipeline\data\working\Screenshot 2026-06-10 015746.png,printed_document,0.98,0.95,False,False,False,False,The image contains typed prose forming an article or letter without a repeating tabular structure.,gemma,v1
J:\Genealogy\genealogy_pipeline\data\working\Screenshot 2026-06-10 020035.png,printed_document,0.95,0.6,True,False,False,False,"The image contains typed prose resembling a letter, fitting the description of a printed document.",gemma,v1
J:\Genealogy\genealogy_pipeline\data\working\Screenshot 2026-06-10 025959.png,printed_document,0.98,0.75,True,False,False,False,"The image consists of typed prose forming a letter, which fits the definition of a printed document.",gemma,v1
J:\Genealogy\genealogy_pipeline\data\working\Screenshot 2026-06-10 030139.png,printed_document,0.98,0.85,False,False,False,False,"The image contains typed prose, characteristic of a letter, without a repeating tabular structure.",gemma,v1
J:\Genealogy\genealogy_pipeline\data\working\Screenshot 2026-06-10 030318.png,printed_document,0.98,0.85,False,False,False,False,"The image consists of typed prose forming a letter or correspondence, which fits the definition of a printed document.",gemma,v1
J:\Genealogy\genealogy_pipeline\data\working\Screenshot 2026-06-10 030602.png,printed_document,0.98,0.85,False,False,False,False,"The image consists of typed text and is a telegram message, fitting the description of printed prose.",gemma,v1
J:\Genealogy\genealogy_pipeline\data\working\Screenshot 2026-06-10 032208.png,printed_document,0.95,0.3,False,False,False,False,"The image contains typed prose without a repeating tabular structure, fitting the definition of a printed document.",gemma,v1
J:\Genealogy\genealogy_pipeline\data\working\Screenshot 2026-06-10 042100.png,printed_document,0.98,0.85,False,False,False,False,"The image consists of typed prose, characteristic of a letter or official correspondence, without a repeating tabular structure.",gemma,v1
J:\Genealogy\genealogy_pipeline\data\working\Screenshot 2026-06-10 042223.png,printed_document,0.98,0.85,False,False,False,False,The image consists of typed prose forming a letter or memo without a repeating tabular structure.,gemma,v1
J:\Genealogy\genealogy_pipeline\data\working\Screenshot 2026-06-10 042417.png,printed_document,0.98,0.95,False,False,False,False,"The image consists of typed prose structured as a list of points, fitting the definition of printed text.",gemma,v1
J:\Genealogy\genealogy_pipeline\data\working\Screenshot 2026-06-10 042605.png,printed_document,0.98,0.85,False,False,False,False,"The image consists of typed prose structured as numbered points, fitting the description of printed document.",gemma,v1
J:\Genealogy\genealogy_pipeline\data\working\Screenshot 2026-06-10 042659.png,printed_document,0.98,0.95,False,False,False,False,The image consists of typed prose forming an article or document without a repeating tabular structure.,gemma,v1
J:\Genealogy\genealogy_pipeline\data\working\Screenshot 2026-06-10 042808.png,printed_document,0.98,0.85,False,False,False,False,"The image consists of continuous typed prose, characteristic of an article or document.",gemma,v1
J:\Genealogy\genealogy_pipeline\data\working\Screenshot 2026-06-10 042931.png,printed_document,0.98,0.95,False,False,False,False,"The image consists of continuous typed prose, characteristic of an article or text document.",gemma,v1
J:\Genealogy\genealogy_pipeline\data\working\Screenshot 2026-06-10 043000.png,printed_document,0.98,0.95,False,False,False,False,The image consists of continuous typed prose forming an article or text.,gemma,v1
J:\Genealogy\genealogy_pipeline\data\working\Screenshot 2026-06-10 043540.png,printed_document,0.98,0.95,False,False,False,False,"The image consists of continuous typed prose, characteristic of a printed document.",gemma,v1
J:\Genealogy\genealogy_pipeline\data\working\Screenshot 2026-06-10 043926.png,printed_document,0.98,0.85,False,False,False,False,The image consists of a list of affiliations presented as typed prose without a repeating tabular structure.,gemma,v1
J:\Genealogy\genealogy_pipeline\data\working\Screenshot 2026-06-10 044500.png,printed_document,0.98,0.85,False,False,False,False,"The image contains continuous typed prose, characteristic of a printed document, without a tabular structure.",gemma,v1
J:\Genealogy\genealogy_pipeline\data\working\Screenshot 2026-06-10 044526.png,printed_document,0.98,0.85,False,False,False,False,"The image contains typed prose without a tabular structure or repeating rows, fitting the definition of a printed document.",gemma,v1
J:\Genealogy\genealogy_pipeline\data\working\Screenshot 2026-06-10 124724.png,printed_document,0.98,0.95,False,False,False,False,"The image contains continuous typed prose, characteristic of a printed document.",gemma,v1
J:\Genealogy\genealogy_pipeline\data\working\Screenshot 2026-06-10 125138.png,printed_document,0.98,0.95,False,False,False,False,"The image consists of typed prose forming an article or section, which fits the definition of a printed document.",gemma,v1
J:\Genealogy\genealogy_pipeline\data\working\Screenshot 2026-06-10 125354.png,printed_document,0.98,0.95,False,False,False,False,"The image consists of continuous typed prose, characteristic of a printed document.",gemma,v1
J:\Genealogy\genealogy_pipeline\data\working\Screenshot 2026-06-10 125643.png,printed_document,0.98,0.95,False,False,False,False,"The image consists of typed prose, characteristic of a printed document, without a repeating tabular structure.",gemma,v1
J:\Genealogy\genealogy_pipeline\data\working\Screenshot 2026-06-10 125908.png,printed_document,0.98,0.85,False,False,False,False,"The image consists of typed prose, specifically excerpts from letters, without any tabular structure or photographic elements.",gemma,v1
J:\Genealogy\genealogy_pipeline\data\working\Screenshot 2026-06-10 131045.png,printed_document,0.98,0.95,False,False,False,False,The image consists of typed prose forming a formal document structure without repeating tabular data.,gemma,v1
J:\Genealogy\genealogy_pipeline\data\working\Screenshot 2026-06-10 131300.png,printed_document,0.98,0.95,False,False,False,False,"The image consists of typed prose listing names and titles, fitting the description of printed text.",gemma,v1
J:\Genealogy\genealogy_pipeline\data\working\Screenshot 2026-06-10 132446.png,printed_document,0.98,0.95,False,False,False,False,"The image contains continuous typed prose, characteristic of a printed document, without a repeating tabular structure.",gemma,v1
J:\Genealogy\genealogy_pipeline\data\working\Screenshot 2026-06-10 132833.png,printed_document,0.98,0.95,False,False,False,False,The image contains typed prose forming a continuous text block without a repeating tabular structure.,gemma,v1
J:\Genealogy\genealogy_pipeline\data\working\Screenshot 2026-06-10 144056.png,printed_document,0.98,0.85,False,False,False,False,"The image consists of typed prose forming a letter, which fits the definition of a printed document.",gemma,v1
J:\Genealogy\genealogy_pipeline\data\working\Screenshot 2026-06-10 152025.png,printed_document,0.95,0.8,False,False,False,False,"The document consists of numbered sections and text, fitting the description of printed prose rather than a repeating tabular structure.",gemma,v1
J:\Genealogy\genealogy_pipeline\data\working\Screenshot 2026-06-10 152828.png,printed_document,0.98,0.85,False,False,False,False,"This is a single-entity land allotment form with a handful of labeled fields, fitting the printed_document criteria.",gemma,v1
J:\Genealogy\genealogy_pipeline\data\working\Screenshot 2026-06-10 154749.png,printed_document,0.98,0.95,False,False,False,False,"The image consists of continuous typed prose, characteristic of a printed document.",gemma,v1
J:\Genealogy\genealogy_pipeline\data\working\Screenshot 2026-06-10 160224.png,printed_document,1.0,0.9,False,False,False,False,The image consists of typed prose forming an article or letter without a repeating tabular structure.,gemma,v1
J:\Genealogy\genealogy_pipeline\data\working\Screenshot 2026-06-10 211743.png,printed_document,0.95,0.8,False,False,False,False,"The document presents structured biographical information about individuals in a non-tabular, prose-like format.",gemma,v1
J:\Genealogy\genealogy_pipeline\data\working\Screenshot 2026-06-10 212402.png,printed_document,0.95,0.3,False,False,False,False,The image displays biographical information in a standard printed format without repeating tabular rows.,gemma,v1
J:\Genealogy\genealogy_pipeline\data\working\Screenshot 2026-06-10 213740.png,printed_document,0.98,0.95,False,False,False,False,"The input is a block of typed prose, fitting the description of printed text without a tabular or chart structure.",gemma,v1
J:\Genealogy\genealogy_pipeline\data\working\Screenshot 2026-06-10 213810.png,printed_document,0.98,0.85,False,False,False,False,"The image consists of continuous typed prose, fitting the description of printed text.",gemma,v1
J:\Genealogy\genealogy_pipeline\data\working\Screenshot 2026-06-11 144148.png,printed_document,0.95,0.8,True,False,False,False,"The image is a single inspection card with a handful of labeled fields, fitting the description of a single-entity form.",gemma,v1
J:\Genealogy\genealogy_pipeline\data\working\Screenshot 2026-06-11 171528.png,printed_document,0.98,0.95,False,False,False,False,"The image consists of typed prose detailing land descriptions, fitting the definition of a printed document.",gemma,v1
J:\Genealogy\genealogy_pipeline\data\working\Screenshot 2026-06-11 171803.png,printed_document,0.95,0.85,True,False,False,False,"The image contains typed text and a single-entity form structure, fitting the printed_document classification criteria.",gemma,v1
J:\Genealogy\genealogy_pipeline\data\working\Screenshot 2026-06-11 181957.png,printed_document,0.98,0.85,False,False,False,False,"The image consists of typed prose, characteristic of a letter, without a repeating tabular structure.",gemma,v1
J:\Genealogy\genealogy_pipeline\data\working\Screenshot 2026-06-11 182451.png,printed_document,0.98,0.95,False,False,False,False,"The image consists of typed text listing agents by location, which is a form of printed prose.",gemma,v1
J:\Genealogy\genealogy_pipeline\data\working\Screenshot 2026-06-11 214526.png,printed_document,0.98,0.85,False,False,False,False,The image contains typed prose structured as an informational text rather than a repeating table or chart.,gemma,v1
J:\Genealogy\genealogy_pipeline\data\working\Screenshot 2026-06-11 214743.png,printed_document,0.98,0.95,False,False,False,False,The image consists of continuous typed prose without a tabular structure or photographic elements.,gemma,v1
J:\Genealogy\genealogy_pipeline\data\working\Screenshot 2026-06-11 215233.png,printed_document,0.95,0.8,False,False,False,False,"The image consists of continuous typed prose, fitting the description of printed text.",gemma,v1
J:\Genealogy\genealogy_pipeline\data\working\Screenshot 2026-06-11 215512.png,printed_document,0.98,0.95,False,False,False,False,"The image consists of continuous typed prose, fitting the description of printed text without a tabular or chart structure.",gemma,v1
J:\Genealogy\genealogy_pipeline\data\working\Screenshot 2026-06-11 224700.png,printed_document,0.98,0.85,False,False,False,False,"The image consists of typed prose listing various bodies, fitting the description of printed text without a tabular structure.",gemma,v1
J:\Genealogy\genealogy_pipeline\data\working\Screenshot 2026-06-11 224914.png,printed_document,0.98,0.85,False,False,False,False,"The image consists of typed prose structured as a list of agreements, fitting the definition of printed document.",gemma,v1
J:\Genealogy\genealogy_pipeline\data\working\Screenshot 2026-06-11 225904.png,printed_document,1.0,0.95,False,False,False,False,"The image consists of continuous typed prose, fitting the description of printed text.",gemma,v1
J:\Genealogy\genealogy_pipeline\data\working\Screenshot 2026-06-11 230029.png,printed_document,0.98,0.95,False,False,False,False,"The image consists of typed prose, which fits the definition of a printed document.",gemma,v1
J:\Genealogy\genealogy_pipeline\data\working\Screenshot 2026-06-11 230111.png,printed_document,0.98,0.85,False,False,False,False,"The image consists of continuous typed prose, characteristic of an article or text document.",gemma,v1
J:\Genealogy\genealogy_pipeline\data\working\Screenshot 2026-06-11 230141.png,printed_document,0.98,0.95,False,False,False,False,"The image consists of continuous typed prose, fitting the description of a printed document.",gemma,v1
J:\Genealogy\genealogy_pipeline\data\working\Screenshot 2026-06-11 230301.png,printed_document,1.0,0.9,False,False,False,False,"The image consists of continuous typed prose, characteristic of a printed document.",gemma,v1
J:\Genealogy\genealogy_pipeline\data\working\Screenshot 2026-06-11 230324.png,printed_document,0.98,0.95,False,False,False,False,"The image consists of continuous typed prose, fitting the description of printed text.",gemma,v1
J:\Genealogy\genealogy_pipeline\data\working\Screenshot 2026-06-11 230340.png,printed_document,1.0,1.0,False,False,False,False,"The input is a block of typed prose, fitting the description of printed text without a tabular or chart structure.",gemma,v1
J:\Genealogy\genealogy_pipeline\data\working\Screenshot 2026-06-11 230411.png,printed_document,0.98,0.85,False,False,False,False,"The image consists of continuous typed prose, fitting the description of a printed document.",gemma,v1
J:\Genealogy\genealogy_pipeline\data\working\Screenshot 2026-06-11 230520.png,printed_document,0.98,0.85,False,False,False,False,"The image consists of continuous typed prose, fitting the description of printed text.",gemma,v1
J:\Genealogy\genealogy_pipeline\data\working\Screenshot 2026-06-11 230549.png,printed_document,1.0,0.9,False,False,False,False,"The image consists of continuous typed prose, fitting the definition of printed text.",gemma,v1
J:\Genealogy\genealogy_pipeline\data\working\Screenshot 2026-06-11 230645.png,printed_document,0.98,0.85,False,False,False,False,"The image consists of typed prose forming an article or text, fitting the definition of a printed document.",gemma,v1
J:\Genealogy\genealogy_pipeline\data\working\Screenshot 2026-06-11 230719.png,printed_document,1.0,1.0,False,False,False,False,"The image consists of typed prose forming an article or text, fitting the definition of a printed document.",gemma,v1
J:\Genealogy\genealogy_pipeline\data\working\Screenshot 2026-06-11 230823.png,printed_document,0.98,0.95,False,False,False,False,The image consists of typed prose without a repeating tabular structure or complex layout.,gemma,v1
J:\Genealogy\genealogy_pipeline\data\working\Screenshot 2026-06-11 234836.png,printed_document,1.0,0.9,False,False,False,False,"The image consists of continuous typed prose, fitting the description of a printed document.",gemma,v1
J:\Genealogy\genealogy_pipeline\data\working\Screenshot 2026-06-12 010522.png,printed_document,0.98,0.75,False,False,False,False,"The image is a typed letter, which falls under the printed_document category.",gemma,v1
J:\Genealogy\genealogy_pipeline\data\working\Screenshot 2026-06-12 010842.png,printed_document,0.98,0.85,False,False,False,False,"The image consists of typed prose forming a letter, which fits the definition of a printed document.",gemma,v1
J:\Genealogy\genealogy_pipeline\data\working\Screenshot 2026-06-12 011111.png,printed_document,0.98,0.85,False,False,False,False,The image consists of typed prose from a formal document without repeating tabular data structures.,gemma,v1
J:\Genealogy\genealogy_pipeline\data\working\Screenshot 2026-06-12 013620.png,printed_document,0.95,0.4,False,False,False,False,"The image contains typed text and short correspondence fragments, fitting the description of a printed document.",gemma,v1
J:\Genealogy\genealogy_pipeline\data\working\Screenshot 2026-06-12 013726.png,printed_document,0.98,0.85,False,False,False,False,"The image consists of typed prose, characteristic of a letter or official correspondence, without repeating tabular data.",gemma,v1
J:\Genealogy\genealogy_pipeline\data\working\Screenshot 2026-06-12 013841.png,printed_document,0.98,0.85,False,False,False,False,"The image consists of typed prose, characteristic of a letter, without a repeating tabular structure.",gemma,v1
J:\Genealogy\genealogy_pipeline\data\working\Screenshot 2026-06-12 014020.png,printed_document,0.98,0.85,False,False,False,False,"The image consists of typed prose forming a letter, which fits the definition of a printed document.",gemma,v1
J:\Genealogy\genealogy_pipeline\data\working\Screenshot 2026-06-12 014409.png,printed_document,0.98,0.85,True,False,False,False,"The image contains typed prose, characteristic of a letter, without a repeating tabular structure.",gemma,v1
J:\Genealogy\genealogy_pipeline\data\working\Screenshot 2026-06-12 020248.png,printed_document,0.98,0.85,False,False,False,False,"The image consists of typed prose, characteristic of a letter or correspondence, without a repeating tabular structure.",gemma,v1
J:\Genealogy\genealogy_pipeline\data\working\Screenshot 2026-06-12 022210.png,printed_document,0.98,0.85,False,False,False,False,"The image contains typed prose in a letter format, which fits the printed_document category.",gemma,v1
J:\Genealogy\genealogy_pipeline\data\working\Screenshot 2026-06-12 130655.png,printed_document,0.98,0.85,False,False,False,False,The image consists of typed prose and organizational text without a repeating tabular structure.,gemma,v1
J:\Genealogy\genealogy_pipeline\data\working\Screenshot 2026-06-12 131754.png,printed_document,0.98,0.95,False,False,False,False,"The image consists of continuous typed prose, characteristic of a letter or article.",gemma,v1
J:\Genealogy\genealogy_pipeline\data\working\Screenshot 2026-06-12 152945.png,printed_document,0.95,0.85,False,False,False,False,The document is a single-entity form with labeled fields rather than repeating rows of data.,gemma,v1
J:\Genealogy\genealogy_pipeline\data\working\Screenshot 2026-06-12 154145.png,printed_document,0.98,0.95,False,False,False,False,"The image consists of typed prose, which fits the definition of a printed document.",gemma,v1
J:\Genealogy\genealogy_pipeline\data\working\Screenshot 2026-06-12 155137.png,printed_document,0.98,0.85,False,False,False,False,"The image consists of typed prose, which fits the definition of a printed document.",gemma,v1
J:\Genealogy\genealogy_pipeline\data\working\Screenshot 2026-06-12 155745.png,printed_document,0.95,0.85,False,False,False,False,The document is a single-entity form with labeled fields rather than repeating rows of data.,gemma,v1
J:\Genealogy\genealogy_pipeline\data\working\Screenshot 2026-06-12 162920.png,printed_document,0.98,0.85,False,False,False,False,"The image consists of typed prose, characteristic of a letter, without any tabular structure or repeating rows.",gemma,v1
J:\Genealogy\genealogy_pipeline\data\working\Screenshot 2026-06-12 165838.png,printed_document,0.98,0.95,False,False,False,False,"The image consists of typed prose structured as a list or document, not a repeating tabular structure.",gemma,v1
J:\Genealogy\genealogy_pipeline\data\working\Screenshot 2026-06-13 152258.png,printed_document,0.98,0.85,False,False,False,False,"This is a single-entity form with labeled fields, characteristic of a printed marriage certificate.",gemma,v1
J:\Genealogy\genealogy_pipeline\data\working\Screenshot 2026-06-13 195017.png,printed_document,0.98,0.95,False,False,False,False,"The image consists of continuous typed prose, fitting the description of a printed document.",gemma,v1
J:\Genealogy\genealogy_pipeline\data\working\Screenshot 2026-06-13 201722.png,printed_document,0.98,0.95,False,False,False,False,"The image consists of continuous typed prose, characteristic of a printed document.",gemma,v1
J:\Genealogy\genealogy_pipeline\data\working\Screenshot 2026-06-13 202203.png,printed_document,0.95,0.98,False,False,False,False,"The input is a block of typed prose, fitting the description of printed text without a tabular or chart structure.",gemma,v1
J:\Genealogy\genealogy_pipeline\data\working\Screenshot 2026-06-13 202616.png,printed_document,0.95,0.3,False,False,False,False,The document consists of prose text listing family details rather than repeating tabular data or a visual chart.,gemma,v1
J:\Genealogy\genealogy_pipeline\data\working\Screenshot 2026-06-13 203624.png,printed_document,1.0,0.9,False,False,False,False,"The image contains continuous typed prose, characteristic of a printed document, without a repeating tabular structure.",gemma,v1
J:\Genealogy\genealogy_pipeline\data\working\Screenshot 2026-06-13 221818.png,printed_document,0.98,0.95,False,False,False,False,The image consists of continuous typed prose without a tabular structure or photographic elements.,gemma,v1
J:\Genealogy\genealogy_pipeline\data\working\Screenshot 2026-06-13 222026.png,printed_document,1.0,0.9,False,False,False,False,"The image consists of continuous typed prose, fitting the description of a printed document.",gemma,v1
J:\Genealogy\genealogy_pipeline\data\working\Screenshot 2026-06-13 222223.png,printed_document,0.98,0.95,False,False,False,False,"The image consists of continuous typed prose, fitting the description of a printed document.",gemma,v1
J:\Genealogy\genealogy_pipeline\data\working\Screenshot 2026-06-13 222457.png,printed_document,1.0,0.9,False,False,False,False,"The image consists of continuous typed prose, fitting the description of a printed document.",gemma,v1
J:\Genealogy\genealogy_pipeline\data\working\Screenshot 2026-06-13 222518.png,printed_document,0.98,0.85,False,False,False,False,"The image consists of continuous typed prose, characteristic of an article or text passage.",gemma,v1
J:\Genealogy\genealogy_pipeline\data\working\Screenshot 2026-06-13 222945.png,printed_document,1.0,0.9,False,False,False,False,"The image consists of continuous typed prose, characteristic of a printed document.",gemma,v1
J:\Genealogy\genealogy_pipeline\data\working\Screenshot 2026-06-13 223123.png,printed_document,1.0,0.9,False,False,False,False,"The image consists of continuous typed prose, characteristic of a printed document.",gemma,v1
J:\Genealogy\genealogy_pipeline\data\working\Screenshot 2026-06-13 223406.png,printed_document,0.98,0.85,False,False,False,False,"The image consists of continuous typed prose, characteristic of a printed document.",gemma,v1
J:\Genealogy\genealogy_pipeline\data\working\Screenshot 2026-06-13 223712.png,printed_document,0.98,0.95,False,False,False,False,The image consists of continuous typed prose without a repeating tabular structure or photographic elements.,gemma,v1
J:\Genealogy\genealogy_pipeline\data\working\Screenshot 2026-06-13 223743.png,printed_document,0.98,0.95,False,False,False,False,The image consists of continuous typed prose without a repeating tabular structure or complex visual elements.,gemma,v1
J:\Genealogy\genealogy_pipeline\data\working\Screenshot 2026-06-13 224140.png,printed_document,1.0,0.95,False,False,False,False,"The image consists of typed prose forming a chapter section, which fits the definition of printed document.",gemma,v1
J:\Genealogy\genealogy_pipeline\data\working\Screenshot 2026-06-13 224159.png,printed_document,0.98,0.85,False,False,False,False,The image consists of typed prose forming an article or chapter section without a repeating tabular structure.,gemma,v1
J:\Genealogy\genealogy_pipeline\data\working\Screenshot 2026-06-13 224331.png,printed_document,0.98,0.85,False,False,False,False,The image consists of typed prose forming an article or text passage without a repeating tabular structure.,gemma,v1
J:\Genealogy\genealogy_pipeline\data\working\Screenshot 2026-06-13 224354.png,printed_document,0.98,0.85,False,False,False,False,"The image consists of continuous typed prose, fitting the description of a printed document.",gemma,v1
J:\Genealogy\genealogy_pipeline\data\working\Screenshot 2026-06-13 224426.png,printed_document,0.98,0.85,False,False,False,False,"The image consists of continuous typed prose, characteristic of a printed document.",gemma,v1
J:\Genealogy\genealogy_pipeline\data\working\Screenshot 2026-06-13 224625.png,printed_document,0.98,0.85,False,False,False,False,"The image consists of continuous typed prose, characteristic of a printed document.",gemma,v1
J:\Genealogy\genealogy_pipeline\data\working\Screenshot 2026-06-13 224822.png,printed_document,0.98,0.85,False,False,False,False,"The image consists of typed prose structured as an article or section, fitting the definition of printed document.",gemma,v1
J:\Genealogy\genealogy_pipeline\data\working\Screenshot 2026-06-13 224853.png,printed_document,0.98,0.85,False,False,False,False,"The image consists of typed prose detailing historical information, fitting the description of a printed document.",gemma,v1
J:\Genealogy\genealogy_pipeline\data\working\Screenshot 2026-06-13 225000.png,printed_document,0.95,0.8,False,False,False,False,The image consists of prose text without a repeating tabular structure or photographic elements.,gemma,v1
J:\Genealogy\genealogy_pipeline\data\working\Screenshot 2026-06-13 225022.png,printed_document,0.98,0.85,False,False,False,False,"The image consists of continuous typed prose, fitting the description of a printed document.",gemma,v1
J:\Genealogy\genealogy_pipeline\data\working\Screenshot 2026-06-13 225048.png,printed_document,1.0,0.9,False,False,False,False,"The image consists of continuous typed prose, fitting the definition of a printed document.",gemma,v1
J:\Genealogy\genealogy_pipeline\data\working\Screenshot 2026-06-13 225147.png,printed_document,0.95,0.3,False,False,False,False,The image consists of typed prose without a repeating tabular structure or complex layout.,gemma,v1
J:\Genealogy\genealogy_pipeline\data\working\Screenshot 2026-06-13 225211.png,printed_document,0.98,0.85,False,False,False,False,The image consists of continuous typed prose without a repeating tabular structure or photographic elements.,gemma,v1
J:\Genealogy\genealogy_pipeline\data\working\Screenshot 2026-06-14 165029.png,printed_document,0.98,0.75,True,False,False,False,"The document is a typed letter with prose and a few handwritten signatures, fitting the printed document category.",gemma,v1
J:\Genealogy\genealogy_pipeline\data\working\Screenshot 2026-06-14 165325.png,printed_document,0.98,0.4,False,False,False,False,"The image contains typed prose in the form of a letter, which fits the printed_document category.",gemma,v1
J:\Genealogy\genealogy_pipeline\data\working\Screenshot 2026-06-14 165347.png,printed_document,0.98,0.85,False,False,False,False,"The image consists of typed prose forming a letter, which fits the definition of a printed document.",gemma,v1
J:\Genealogy\genealogy_pipeline\data\working\Screenshot 2026-06-14 165635.png,printed_document,0.95,0.8,True,False,False,False,"The image contains handwritten text that is not structured in a repeating tabular format, classifying it as a printed document type.",gemma,v1
J:\Genealogy\genealogy_pipeline\data\working\Screenshot 2026-06-14 165733.png,printed_document,0.98,0.6,False,False,False,False,"The image consists of typed prose and short correspondence, fitting the description of a printed document.",gemma,v1
J:\Genealogy\genealogy_pipeline\data\working\Screenshot 2026-06-14 165812.png,printed_document,0.98,0.75,False,False,False,False,"The image consists of typed prose forming a letter, which fits the definition of a printed document.",gemma,v1
J:\Genealogy\genealogy_pipeline\data\working\Screenshot 2026-06-14 165924.png,printed_document,0.98,0.85,False,False,False,False,"The image consists of typed prose, specifically letters, without a repeating tabular structure.",gemma,v1
J:\Genealogy\genealogy_pipeline\data\working\Screenshot 2026-06-15 213129.png,printed_document,0.98,0.85,True,False,False,False,"This is a single-entity inspection card with a handful of labeled fields, fitting the definition of a printed form.",gemma,v1
J:\Genealogy\genealogy_pipeline\data\working\Screenshot 2026-06-15 213446.png,printed_document,0.95,0.6,True,False,False,False,"The document is a single-entity ticket form with a handful of labeled fields, not repeating rows for many people.",gemma,v1
J:\Genealogy\genealogy_pipeline\data\working\Screenshot 2026-06-15 213840.png,printed_document,0.98,0.85,True,False,False,False,"This is a single-entity form with a handful of labeled fields, fitting the definition of a printed document rather than a repeating tabular manifest.",gemma,v1
J:\Genealogy\genealogy_pipeline\data\working\Screenshot 2026-06-15 214234.png,printed_document,0.98,0.85,False,False,False,False,The image is a printed menu with a single-entity structure and no repeated rows.,gemma,v1
J:\Genealogy\genealogy_pipeline\data\working\Screenshot 2026-06-15 214315.png,printed_document,0.98,0.85,False,False,False,False,"The image is a printed menu with a handful of one-time labeled food items, fitting the printed_document category.",gemma,v1
J:\Genealogy\genealogy_pipeline\data\working\Screenshot 2026-06-15 214553.png,printed_document,0.95,0.85,False,False,False,False,"The image contains a printed plan or diagram, which fits the description of a printed document.",gemma,v1
J:\Genealogy\genealogy_pipeline\data\working\Screenshot 2026-06-15 214620.png,printed_document,0.95,0.1,False,False,False,False,The image is a photograph of an interior space and does not contain repetitive tabular data or structured text forms.,gemma,v1
J:\Genealogy\genealogy_pipeline\data\working\Screenshot 2026-06-16 083214.png,printed_document,0.95,0.85,False,False,False,False,"The image is a typed document structured as a series of questions and answers, fitting the description of a single-entity form.",gemma,v1
J:\Genealogy\genealogy_pipeline\data\working\Screenshot 2026-06-17 080300.png,printed_document,0.98,0.95,False,False,False,False,"The image consists of continuous typed prose, characteristic of a printed document.",gemma,v1
J:\Genealogy\genealogy_pipeline\data\working\Screenshot 2026-06-17 214923.png,printed_document,0.95,0.85,False,False,False,False,"The image contains continuous typed prose, characteristic of a letter or article, without a repeating tabular structure.",gemma,v1
J:\Genealogy\genealogy_pipeline\data\working\Screenshot 2026-06-17 224641.png,printed_document,0.95,0.3,False,False,False,False,"The image is a printed emblem or badge, which fits the description of a single-entity form with structured text elements.",gemma,v1
J:\Genealogy\genealogy_pipeline\data\working\Screenshot 2026-06-17 224740.png,printed_document,0.95,0.1,False,False,False,False,"The image is a metallic emblem, which is classified as a printed document type due to its single-entity, non-tabular form.",gemma,v1
J:\Genealogy\genealogy_pipeline\data\working\Screenshot 2026-06-17 225522.png,printed_document,0.95,0.4,False,False,False,False,"The image is a typed document with a title and structured, non-repeating entries, fitting the printed_document category.",gemma,v1
J:\Genealogy\genealogy_pipeline\data\working\Screenshot 2026-06-17 233941.png,printed_document,0.98,0.85,False,False,False,False,The image contains typed prose forming an article or biographical text without a repeating tabular structure.,gemma,v1
J:\Genealogy\genealogy_pipeline\data\working\Screenshot 2026-06-18 083132.png,printed_document,0.98,0.85,False,False,False,False,"This is a printed certificate or document with a handful of labeled fields, not a repeating tabular structure.",gemma,v1
J:\Genealogy\genealogy_pipeline\data\working\Screenshot 2026-06-20 003133.png,printed_document,0.95,0.85,False,False,False,False,The document consists of address listings and does not exhibit the repetitive row structure of a census or manifest.,gemma,v1
J:\Genealogy\genealogy_pipeline\data\working\Screenshot 2026-06-20 003438.png,printed_document,1.0,0.9,False,False,False,False,"The image contains continuous typed prose, characteristic of an article or biographical text.",gemma,v1
J:\Genealogy\genealogy_pipeline\data\working\T23 R21 W1.jpg,printed_document,0.95,0.85,False,False,False,False,"The image is a printed plan document with structured headings and labels, not a repeating tabular record.",gemma,v1
J:\Genealogy\genealogy_pipeline\data\working\T23 R22 W1.jpg,printed_document,0.95,0.4,False,False,False,False,"The image is a printed plan document with labeled sections and annotations, not a repeating tabular record.",gemma,v1
