bucket,file_path,category,reason
dense_tabular_rows,J:\Genealogy\genealogy_pipeline\data\working\Screenshot 2026-05-05 073621.png,dense_tabular_rows,"The image displays many repeated rows with a fixed column structure, characteristic of a passenger manifest or census page."
dense_tabular_rows,J:\Genealogy\genealogy_pipeline\data\working\Screenshot 2026-05-05 073641.png,dense_tabular_rows,"The image displays numerous repeating rows with a fixed column structure, characteristic of a manifest or census page."
dense_tabular_rows,J:\Genealogy\genealogy_pipeline\data\working\Screenshot 2026-05-05 073655.png,dense_tabular_rows,"The image displays numerous repeated rows with a fixed column structure, characteristic of a manifest or census page."
dense_tabular_rows,J:\Genealogy\genealogy_pipeline\data\working\Screenshot 2026-05-05 073940.png,dense_tabular_rows,"The image displays many repeated rows with a fixed column structure, characteristic of a census page or passenger manifest."
dense_tabular_rows,J:\Genealogy\genealogy_pipeline\data\working\Screenshot 2026-05-05 222745.png,dense_tabular_rows,The image displays a structured layout with multiple entries suggesting a repeating row format typical of a manifest or census page.
dense_tabular_rows,J:\Genealogy\genealogy_pipeline\data\working\Screenshot 2026-05-05 222814.png,dense_tabular_rows,"The image displays numerous repeating rows with structured columns, characteristic of a passenger manifest or census page."
dense_tabular_rows,J:\Genealogy\genealogy_pipeline\data\working\Screenshot 2026-05-05 223017.png,dense_tabular_rows,"The image displays multiple lines of handwritten entries arranged in a columnar format, characteristic of a manifest or census page."
dense_tabular_rows,J:\Genealogy\genealogy_pipeline\data\working\Screenshot 2026-05-06 015126.png,dense_tabular_rows,"The image displays many repeated rows with a fixed column structure, characteristic of a census or manifest."
dense_tabular_rows,J:\Genealogy\genealogy_pipeline\data\working\Screenshot 2026-05-06 015442.png,dense_tabular_rows,"The image displays multiple repeating rows with a fixed column structure, characteristic of a passenger manifest."
dense_tabular_rows,J:\Genealogy\genealogy_pipeline\data\working\Screenshot 2026-05-06 015510.png,dense_tabular_rows,"The image displays many repeated rows with a fixed set of columns, characteristic of a census page or manifest."
dense_tabular_rows,J:\Genealogy\genealogy_pipeline\data\working\Screenshot 2026-05-06 015737.png,dense_tabular_rows,"The image displays multiple rows of structured entries, characteristic of a passenger manifest or census page."
dense_tabular_rows,J:\Genealogy\genealogy_pipeline\data\working\Screenshot 2026-05-06 015800.png,dense_tabular_rows,"The image displays multiple rows of structured entries, characteristic of a passenger manifest or census page."
dense_tabular_rows,J:\Genealogy\genealogy_pipeline\data\working\Screenshot 2026-05-06 015912.png,dense_tabular_rows,"The image displays a structure with multiple distinct entries arranged in columns, suggesting a repeating tabular format."
dense_tabular_rows,J:\Genealogy\genealogy_pipeline\data\working\Screenshot 2026-05-06 015953.png,dense_tabular_rows,"The image displays multiple sequential entries in a fixed column layout, characteristic of a passenger manifest or census page."
dense_tabular_rows,J:\Genealogy\genealogy_pipeline\data\working\Screenshot 2026-05-06 020247.png,dense_tabular_rows,"The image displays multiple rows of data in a fixed column layout, characteristic of a passenger manifest or census page."
dense_tabular_rows,J:\Genealogy\genealogy_pipeline\data\working\Screenshot 2026-05-06 020336.png,dense_tabular_rows,"The image displays multiple repeating rows with a fixed column structure, characteristic of a passenger manifest or census page."
dense_tabular_rows,J:\Genealogy\genealogy_pipeline\data\working\Screenshot 2026-05-05 204934.png,dense_tabular_rows,"The image displays multiple rows of data organized into fixed columns, characteristic of a dense tabular record."
dense_tabular_rows,J:\Genealogy\genealogy_pipeline\data\working\Screenshot 2026-05-05 205152.png,dense_tabular_rows,"The image displays a list of entries structured in repeated columns, characteristic of a dense tabular record."
dense_tabular_rows,J:\Genealogy\genealogy_pipeline\data\working\e078_e001946617.jpg,dense_tabular_rows,"The image displays numerous repeated rows of data structured in a fixed column layout, characteristic of a passenger manifest."
dense_tabular_rows,J:\Genealogy\genealogy_pipeline\data\working\Screenshot 2026-05-06 210741.png,dense_tabular_rows,"The image displays many repeated rows with a fixed column structure, characteristic of a passenger manifest or census page."
dense_tabular_rows,J:\Genealogy\genealogy_pipeline\data\working\Screenshot 2026-05-06 211346.png,dense_tabular_rows,"The image displays a structured list of multiple passengers, indicating a repetitive tabular format typical of a passenger manifest."
dense_tabular_rows,J:\Genealogy\genealogy_pipeline\data\working\e003558130(1).jpg,dense_tabular_rows,"The document consists of many repeated rows, each detailing information for a different individual in a fixed column layout."
dense_tabular_rows,J:\Genealogy\genealogy_pipeline\data\working\Screenshot 2026-05-03 132747.png,dense_tabular_rows,"The document presents structured data in repeating rows, characteristic of a census page or manifest."
dense_tabular_rows,J:\Genealogy\genealogy_pipeline\data\working\Screenshot 2026-05-06 213833.png,dense_tabular_rows,"The document displays multiple rows of repeated, structured data typical of a census record."
dense_tabular_rows,J:\Genealogy\genealogy_pipeline\data\working\Screenshot 2026-05-08 074917.png,dense_tabular_rows,"The document displays structured, repeated rows of personal data typical of a census record."
dense_tabular_rows,J:\Genealogy\genealogy_pipeline\data\working\Screenshot 2026-05-08 082655.png,dense_tabular_rows,"The image displays multiple rows of structured data, characteristic of a passenger manifest or census page."
dense_tabular_rows,J:\Genealogy\genealogy_pipeline\data\working\Screenshot 2026-05-08 194613.png,dense_tabular_rows,"The document displays multiple repeated rows with a fixed column structure, characteristic of a passenger manifest."
dense_tabular_rows,J:\Genealogy\genealogy_pipeline\data\working\Screenshot 2026-05-08 200036.png,dense_tabular_rows,"The image displays multiple rows of structured data, characteristic of a register or list."
dense_tabular_rows,J:\Genealogy\genealogy_pipeline\data\working\Screenshot 2026-05-08 202314.png,dense_tabular_rows,"The document displays structured data in a fixed column layout, characteristic of a census record."
dense_tabular_rows,J:\Genealogy\genealogy_pipeline\data\working\Screenshot 2026-05-09 023135.png,dense_tabular_rows,"The document presents a fixed structure with multiple distinct fields for a single entity, but the structure strongly suggests a record type like a manifest or census entry."
dense_tabular_rows,J:\Genealogy\genealogy_pipeline\data\working\Screenshot 2026-05-09 024012.png,dense_tabular_rows,"The document presents structured passenger list data with multiple distinct fields for one individual, but the context suggests a manifest structure."
dense_tabular_rows,J:\Genealogy\genealogy_pipeline\data\working\Screenshot 2026-05-09 024211.png,dense_tabular_rows,"The image displays structured, repeated rows of data, characteristic of a census or manifest page."
dense_tabular_rows,J:\Genealogy\genealogy_pipeline\data\working\Screenshot 2026-05-09 024806.png,dense_tabular_rows,"The image displays multiple rows of structured data, characteristic of a census or manifest, with repeated column structures."
dense_tabular_rows,J:\Genealogy\genealogy_pipeline\data\working\Screenshot 2026-05-09 025100.png,dense_tabular_rows,"The document presents data in a fixed, repeating column structure typical of a manifest or census record."
dense_tabular_rows,J:\Genealogy\genealogy_pipeline\data\working\Screenshot 2026-05-09 025324.png,dense_tabular_rows,"The document consists of many repeated rows, each detailing information for a different individual in a fixed column layout."
dense_tabular_rows,J:\Genealogy\genealogy_pipeline\data\working\Screenshot 2026-05-09 025537.png,dense_tabular_rows,"The image displays numerous repeated rows of data, characteristic of a census or manifest, indicating dense tabular rows."
dense_tabular_rows,J:\Genealogy\genealogy_pipeline\data\working\Screenshot 2026-05-09 111218.png,dense_tabular_rows,"The document consists of many repeated rows, each detailing a different person and their associated information in a fixed layout."
dense_tabular_rows,J:\Genealogy\genealogy_pipeline\data\working\Screenshot 2026-05-09 112014.png,dense_tabular_rows,"The document consists of many repeated rows, each detailing a different entry, characteristic of a passenger manifest."
dense_tabular_rows,J:\Genealogy\genealogy_pipeline\data\working\Screenshot 2026-05-09 112524.png,dense_tabular_rows,"The image displays multiple repeating rows with structured data, characteristic of a passenger manifest."
dense_tabular_rows,J:\Genealogy\genealogy_pipeline\data\working\Screenshot 2026-05-09 112728.png,dense_tabular_rows,"The document consists of multiple repeated rows, each detailing a different record entry in a fixed column layout."
dense_tabular_rows,J:\Genealogy\genealogy_pipeline\data\working\Screenshot 2026-05-09 114327.png,dense_tabular_rows,"The image consists of multiple repeated rows, each detailing a different individual with similar fixed columns."
dense_tabular_rows,J:\Genealogy\genealogy_pipeline\data\working\Screenshot 2026-05-09 115059.png,dense_tabular_rows,"The document consists of many repeated rows with a fixed column structure, characteristic of a tabular record."
dense_tabular_rows,J:\Genealogy\genealogy_pipeline\data\working\Screenshot 2026-05-09 115319.png,dense_tabular_rows,"The image displays numerous repeated rows with a fixed set of columns, characteristic of a census page."
dense_tabular_rows,J:\Genealogy\genealogy_pipeline\data\working\Screenshot 2026-05-09 120509.png,dense_tabular_rows,"The image displays many repeated rows with a fixed column structure, characteristic of a census page or manifest."
dense_tabular_rows,J:\Genealogy\genealogy_pipeline\data\working\Screenshot 2026-05-09 120526.png,dense_tabular_rows,"The document displays structured data in a format suggesting repeated rows, characteristic of a census record."
dense_tabular_rows,J:\Genealogy\genealogy_pipeline\data\working\Screenshot 2026-05-10 183141.png,dense_tabular_rows,"The image displays a structured list with many repeated rows, characteristic of a passenger manifest."
dense_tabular_rows,J:\Genealogy\genealogy_pipeline\data\working\Screenshot 2026-05-10 184445.png,dense_tabular_rows,"The document consists of many repeated rows, each detailing a different person, characteristic of a census or manifest."
dense_tabular_rows,J:\Genealogy\genealogy_pipeline\data\working\Screenshot 2026-05-14 012611.png,dense_tabular_rows,"The document displays data in a fixed, repeating column structure typical of a census record."
dense_tabular_rows,J:\Genealogy\genealogy_pipeline\data\working\Screenshot 2026-05-21 083500.png,dense_tabular_rows,"The image displays numerous repeated rows with a fixed column structure, characteristic of a passenger manifest or census page."
dense_tabular_rows,J:\Genealogy\genealogy_pipeline\data\working\Screenshot 2026-05-21 083530.png,dense_tabular_rows,"The image displays numerous repeated rows with a fixed column structure, characteristic of a census page or manifest."
dense_tabular_rows,J:\Genealogy\genealogy_pipeline\data\working\Screenshot 2026-05-26 235519.png,dense_tabular_rows,"The image displays a structured layout with multiple repeating columns, characteristic of a census page or manifest."
dense_tabular_rows,J:\Genealogy\genealogy_pipeline\data\working\Screenshot 2026-05-27 000109.png,dense_tabular_rows,"The image displays multiple repeating rows with a fixed column structure, characteristic of a passenger manifest."
dense_tabular_rows,J:\Genealogy\genealogy_pipeline\data\working\Screenshot 2026-05-27 004133.png,dense_tabular_rows,"The image displays numerous repeating rows with a fixed column structure, characteristic of a passenger manifest."
dense_tabular_rows,J:\Genealogy\genealogy_pipeline\data\working\Screenshot 2026-05-27 194538.png,dense_tabular_rows,"The image displays numerous repeating rows with a fixed column structure, characteristic of a passenger manifest or census page."
dense_tabular_rows,J:\Genealogy\genealogy_pipeline\data\working\Screenshot 2026-05-27 194612.png,dense_tabular_rows,"The image displays numerous repeated rows with a fixed column structure, characteristic of a census page or passenger manifest."
dense_tabular_rows,J:\Genealogy\genealogy_pipeline\data\working\Screenshot 2026-05-27 194710.png,dense_tabular_rows,"The document presents structured, repeated fields for a single individual, fitting the structure of a census record."
dense_tabular_rows,J:\Genealogy\genealogy_pipeline\data\working\Screenshot 2026-05-27 194723.png,dense_tabular_rows,"The document displays multiple repeated rows of structured personal information, characteristic of a census record."
dense_tabular_rows,J:\Genealogy\genealogy_pipeline\data\working\Screenshot 2026-05-27 205522.png,dense_tabular_rows,"The image displays data structured in repeating columns, characteristic of a manifest or census page."
dense_tabular_rows,J:\Genealogy\genealogy_pipeline\data\working\Screenshot 2026-05-27 205751.png,dense_tabular_rows,"The image consists of many repeated rows, each detailing information for a different passenger, characteristic of a passenger manifest."
dense_tabular_rows,J:\Genealogy\genealogy_pipeline\data\working\Screenshot 2026-05-27 210122.png,dense_tabular_rows,"The image displays numerous repeating rows with a fixed column structure, characteristic of a census or manifest."
dense_tabular_rows,J:\Genealogy\genealogy_pipeline\data\working\Screenshot 2026-05-27 213157.png,dense_tabular_rows,"The document displays multiple repeated rows of structured data, characteristic of a census page or manifest."
dense_tabular_rows,J:\Genealogy\genealogy_pipeline\data\working\Screenshot 2026-05-27 213314.png,dense_tabular_rows,"The image displays a structured form with many repeated rows, characteristic of a passenger manifest or similar tabular record."
dense_tabular_rows,J:\Genealogy\genealogy_pipeline\data\working\Screenshot 2026-05-27 213853.png,dense_tabular_rows,"The image displays multiple rows of data structured in a fixed column layout, characteristic of a manifest or register."
dense_tabular_rows,J:\Genealogy\genealogy_pipeline\data\working\Screenshot 2026-05-27 215849.png,dense_tabular_rows,"The document consists of many repeated rows with a fixed column structure, characteristic of a passenger manifest or census page."
dense_tabular_rows,J:\Genealogy\genealogy_pipeline\data\working\Screenshot 2026-05-27 215937.png,dense_tabular_rows,"The document consists of many repeated rows with a fixed column layout, characteristic of a passenger manifest or census page."
dense_tabular_rows,J:\Genealogy\genealogy_pipeline\data\working\Screenshot 2026-05-27 220201.png,dense_tabular_rows,"The image displays numerous repeated rows of data structured in a fixed column layout, characteristic of a passenger manifest."
dense_tabular_rows,J:\Genealogy\genealogy_pipeline\data\working\Screenshot 2026-05-27 220255.png,dense_tabular_rows,"The image displays numerous repeating rows with a fixed column structure, characteristic of a passenger manifest."
dense_tabular_rows,J:\Genealogy\genealogy_pipeline\data\working\Screenshot 2026-05-28 004500.png,dense_tabular_rows,"The document consists of multiple repeated rows sharing the same column structure, characteristic of a manifest or census page."
dense_tabular_rows,J:\Genealogy\genealogy_pipeline\data\working\Screenshot 2026-05-28 010648.png,dense_tabular_rows,The image displays a structured passenger manifest with many repeated rows of data for different individuals.
dense_tabular_rows,J:\Genealogy\genealogy_pipeline\data\working\Screenshot 2026-05-28 010747.png,dense_tabular_rows,"The image displays multiple rows of repeated, similar data entries in a fixed column layout, characteristic of a manifest or census page."
dense_tabular_rows,J:\Genealogy\genealogy_pipeline\data\working\Screenshot 2026-05-28 010803.png,dense_tabular_rows,"The image displays multiple rows with repeated, structured data entries, characteristic of a passenger manifest or census page."
dense_tabular_rows,J:\Genealogy\genealogy_pipeline\data\working\Screenshot 2026-05-28 011627.png,dense_tabular_rows,"The image displays numerous repeated rows with a fixed column structure, characteristic of a passenger manifest or census page."
dense_tabular_rows,J:\Genealogy\genealogy_pipeline\data\working\Screenshot 2026-05-28 211935.png,dense_tabular_rows,"The image displays multiple entries arranged in a columnar format, characteristic of a passenger manifest or census page."
dense_tabular_rows,J:\Genealogy\genealogy_pipeline\data\working\Screenshot 2026-05-28 212047.png,dense_tabular_rows,"The document consists of many repeated rows with a fixed column structure, characteristic of a manifest or census page."
dense_tabular_rows,J:\Genealogy\genealogy_pipeline\data\working\Screenshot 2026-05-28 212546.png,dense_tabular_rows,The document is a passenger manifest with multiple rows of similar data structured in fixed columns.
dense_tabular_rows,J:\Genealogy\genealogy_pipeline\data\working\Screenshot 2026-05-28 212935.png,dense_tabular_rows,"The image consists of multiple rows of repeated, similar data entries, characteristic of a passenger manifest or census page."
dense_tabular_rows,J:\Genealogy\genealogy_pipeline\data\working\Screenshot 2026-05-28 214000.png,dense_tabular_rows,"The image displays multiple repeating rows of structured data, characteristic of a manifest or census page."
dense_tabular_rows,J:\Genealogy\genealogy_pipeline\data\working\Screenshot 2026-05-28 215458.png,dense_tabular_rows,"The image displays a structured table with many repeated rows, characteristic of a manifest or census page."
dense_tabular_rows,J:\Genealogy\genealogy_pipeline\data\working\Screenshot 2026-05-28 215823.png,dense_tabular_rows,"The image displays numerous repeating rows with a consistent column structure, characteristic of a passenger manifest."
dense_tabular_rows,J:\Genealogy\genealogy_pipeline\data\working\Screenshot 2026-05-28 220002.png,dense_tabular_rows,"The image displays multiple rows of structured data, characteristic of a passenger manifest or census page."
dense_tabular_rows,J:\Genealogy\genealogy_pipeline\data\working\Screenshot 2026-05-28 221748.png,dense_tabular_rows,"The image displays multiple rows of data structured in a fixed column layout, characteristic of a passenger manifest."
dense_tabular_rows,J:\Genealogy\genealogy_pipeline\data\working\Screenshot 2026-05-28 222105.png,dense_tabular_rows,"The image displays numerous repeated rows with a fixed column structure, characteristic of a passenger manifest or census page."
dense_tabular_rows,J:\Genealogy\genealogy_pipeline\data\working\Screenshot 2026-05-28 223141.png,dense_tabular_rows,The image displays multiple lines of handwritten entries suggesting a repeating record structure typical of a manifest or list.
dense_tabular_rows,J:\Genealogy\genealogy_pipeline\data\working\Screenshot 2026-05-28 230258.png,dense_tabular_rows,"The image displays multiple rows of data structured in a repeating column format, characteristic of a manifest or census page."
dense_tabular_rows,J:\Genealogy\genealogy_pipeline\data\working\Screenshot 2026-05-28 230403.png,dense_tabular_rows,"The image displays a structured form with multiple columns designed to list passenger information, indicating repeated row structures."
dense_tabular_rows,J:\Genealogy\genealogy_pipeline\data\working\Screenshot 2026-05-28 232508.png,dense_tabular_rows,"The image displays structured, repeated rows of data, characteristic of a manifest or census page."
dense_tabular_rows,J:\Genealogy\genealogy_pipeline\data\working\Screenshot 2026-05-28 233320.png,dense_tabular_rows,"The image displays multiple rows of structured data, characteristic of a passenger manifest or census page."
dense_tabular_rows,J:\Genealogy\genealogy_pipeline\data\working\Screenshot 2026-05-29 002009.png,dense_tabular_rows,"The image displays numerous repeating rows with a fixed column structure, characteristic of a passenger manifest or census page."
dense_tabular_rows,J:\Genealogy\genealogy_pipeline\data\working\Screenshot 2026-05-30 161508.png,dense_tabular_rows,"The image displays multiple rows of structured data, characteristic of a passenger manifest or census page."
dense_tabular_rows,J:\Genealogy\genealogy_pipeline\data\working\Screenshot 2026-05-30 191902.png,dense_tabular_rows,"The image displays structured data in rows with fixed columns, characteristic of a manifest or census record."
dense_tabular_rows,J:\Genealogy\genealogy_pipeline\data\working\Screenshot 2026-05-30 193051.png,dense_tabular_rows,"The image displays multiple rows of structured data, characteristic of a census page or manifest."
dense_tabular_rows,J:\Genealogy\genealogy_pipeline\data\working\Screenshot 2026-05-31 004451.png,dense_tabular_rows,"The image displays many repeated rows with a fixed column structure, characteristic of a passenger manifest."
dense_tabular_rows,J:\Genealogy\genealogy_pipeline\data\working\Screenshot 2026-05-31 004828.png,dense_tabular_rows,"The image displays numerous repeated rows with a fixed column structure, characteristic of a passenger manifest or census page."
dense_tabular_rows,J:\Genealogy\genealogy_pipeline\data\working\Screenshot 2026-05-31 005010.png,dense_tabular_rows,"The image displays multiple repeating rows with a fixed column structure, characteristic of a passenger manifest."
dense_tabular_rows,J:\Genealogy\genealogy_pipeline\data\working\Screenshot 2026-05-31 183905.png,dense_tabular_rows,"The document displays numerous repeated rows with fixed columns, characteristic of a census or manifest."
dense_tabular_rows,J:\Genealogy\genealogy_pipeline\data\working\Screenshot 2026-06-01 234316.png,dense_tabular_rows,"The image displays multiple rows of structured data, characteristic of a passenger manifest or census page."
dense_tabular_rows,J:\Genealogy\genealogy_pipeline\data\working\Screenshot 2026-06-01 234336.png,dense_tabular_rows,"The image displays multiple lines of data arranged in a repeating column structure, characteristic of a manifest or census page."
dense_tabular_rows,J:\Genealogy\genealogy_pipeline\data\working\Screenshot 2026-06-02 183547.png,dense_tabular_rows,"The document presents a list of names and associated terms in a repeating, structured column format."
dense_tabular_rows,J:\Genealogy\genealogy_pipeline\data\working\Screenshot 2026-06-02 233409.png,dense_tabular_rows,"The image displays a fixed column layout with distinct labels, suggesting a structure for repeated entries."
dense_tabular_rows,J:\Genealogy\genealogy_pipeline\data\working\Screenshot 2026-06-04 211326.png,dense_tabular_rows,"The image displays a list of distinct alphanumeric codes arranged in a columnar format, suggesting a repetitive data structure."
dense_tabular_rows,J:\Genealogy\genealogy_pipeline\data\working\Screenshot 2026-06-04 222359.png,dense_tabular_rows,"The document displays multiple repeated rows with consistent column structures, characteristic of a census or manifest."
dense_tabular_rows,J:\Genealogy\genealogy_pipeline\data\working\Screenshot 2026-06-04 222730.png,dense_tabular_rows,"The document displays multiple repeating rows with consistent column structures, characteristic of a manifest or census page."
dense_tabular_rows,J:\Genealogy\genealogy_pipeline\data\working\Screenshot 2026-06-04 222747.png,dense_tabular_rows,"The document displays multiple distinct entries with repeated column structures, characteristic of a tabular record."
dense_tabular_rows,J:\Genealogy\genealogy_pipeline\data\working\Screenshot 2026-06-05 073946.png,dense_tabular_rows,"The document consists of many repeated rows with fixed columns, characteristic of a manifest or tabular data."
dense_tabular_rows,J:\Genealogy\genealogy_pipeline\data\working\Screenshot 2026-06-05 082420.png,dense_tabular_rows,"The input consists of multiple repeated entries indicating copies of Libers, fitting the definition of dense tabular rows."
dense_tabular_rows,J:\Genealogy\genealogy_pipeline\data\working\Screenshot 2026-06-06 113858.png,dense_tabular_rows,"The image displays multiple rows with repeated, structured data columns, characteristic of a manifest or census page."
dense_tabular_rows,J:\Genealogy\genealogy_pipeline\data\working\Screenshot 2026-06-06 114456.png,dense_tabular_rows,"The input displays multiple rows with a consistent, repeated column structure, characteristic of a manifest or census page."
dense_tabular_rows,J:\Genealogy\genealogy_pipeline\data\working\Screenshot 2026-06-06 122051.png,dense_tabular_rows,The document displays multiple rows with repeated column structures detailing different items or records.
dense_tabular_rows,J:\Genealogy\genealogy_pipeline\data\working\Screenshot 2026-06-06 122433.png,dense_tabular_rows,"The document presents multiple distinct entries in a fixed column layout, characteristic of a manifest or tabular record."
dense_tabular_rows,J:\Genealogy\genealogy_pipeline\data\working\Screenshot 2026-06-06 151612.png,dense_tabular_rows,The image consists of multiple repeating rows with a fixed column structure detailing records.
dense_tabular_rows,J:\Genealogy\genealogy_pipeline\data\working\Screenshot 2026-06-06 162905.png,dense_tabular_rows,"The image consists of multiple repeated rows sharing the same column structure, characteristic of a manifest or census page."
dense_tabular_rows,J:\Genealogy\genealogy_pipeline\data\working\Screenshot 2026-06-07 154656.png,dense_tabular_rows,"The document consists of many repeated rows, each detailing a different individual, indicating a census or manifest structure."
dense_tabular_rows,J:\Genealogy\genealogy_pipeline\data\working\Screenshot 2026-06-07 160717.png,dense_tabular_rows,"The image displays multiple sequential rows, each detailing a different individual with structured information, characteristic of a manifest or census page."
dense_tabular_rows,J:\Genealogy\genealogy_pipeline\data\working\Screenshot 2026-06-07 180934.png,dense_tabular_rows,"The document displays multiple rows with a consistent column structure, characteristic of a manifest or census page."
dense_tabular_rows,J:\Genealogy\genealogy_pipeline\data\working\Screenshot 2026-06-07 203805.png,dense_tabular_rows,"The document displays structured, repeated entries typical of a census record, indicating dense tabular rows."
dense_tabular_rows,J:\Genealogy\genealogy_pipeline\data\working\Screenshot 2026-06-07 213141.png,dense_tabular_rows,"The document consists of multiple item details listed in a repeating, structured format, characteristic of a manifest or tabular record."
dense_tabular_rows,J:\Genealogy\genealogy_pipeline\data\working\Screenshot 2026-06-07 213407.png,dense_tabular_rows,"The image displays multiple rows with repeated column structures, characteristic of a dense tabular record."
dense_tabular_rows,J:\Genealogy\genealogy_pipeline\data\working\Screenshot 2026-06-07 214348.png,dense_tabular_rows,"The image displays multiple rows with a consistent, repeating column structure, characteristic of a manifest or census page."
dense_tabular_rows,J:\Genealogy\genealogy_pipeline\data\working\Screenshot 2026-06-07 214412.png,dense_tabular_rows,"The image displays many repeated rows with a fixed column structure, characteristic of a passenger manifest or census page."
dense_tabular_rows,J:\Genealogy\genealogy_pipeline\data\working\Screenshot 2026-06-07 214432.png,dense_tabular_rows,"The image displays multiple rows of repeating data entries in a fixed column layout, characteristic of a manifest or census page."
dense_tabular_rows,J:\Genealogy\genealogy_pipeline\data\working\Screenshot 2026-06-07 214817.png,dense_tabular_rows,The image displays structured data in a repeating row format characteristic of a census listing.
dense_tabular_rows,J:\Genealogy\genealogy_pipeline\data\working\Screenshot 2026-06-07 214931.png,dense_tabular_rows,"The image displays numerous repeating rows with a fixed column structure, characteristic of a passenger manifest or census page."
dense_tabular_rows,J:\Genealogy\genealogy_pipeline\data\working\Screenshot 2026-06-07 230602.png,dense_tabular_rows,"The image displays data arranged in repeating columns, characteristic of a manifest or census page."
dense_tabular_rows,J:\Genealogy\genealogy_pipeline\data\working\Screenshot 2026-06-08 003246.png,dense_tabular_rows,"The document presents structured data in repeating rows, characteristic of a census listing."
dense_tabular_rows,J:\Genealogy\genealogy_pipeline\data\working\Screenshot 2026-06-08 192606.png,dense_tabular_rows,"The document displays a form-like structure with labeled fields, suggesting a single-entity form, but the context implies a manifest or record structure."
dense_tabular_rows,J:\Genealogy\genealogy_pipeline\data\working\Screenshot 2026-06-08 193823.png,dense_tabular_rows,"The image displays numerous repeating rows with a fixed column structure, characteristic of a census page or passenger manifest."
dense_tabular_rows,J:\Genealogy\genealogy_pipeline\data\working\Screenshot 2026-06-08 194226.png,dense_tabular_rows,"The image displays multiple repeating rows with a fixed column structure, characteristic of a passenger manifest or census page."
dense_tabular_rows,J:\Genealogy\genealogy_pipeline\data\working\Screenshot 2026-06-08 194421.png,dense_tabular_rows,"The image displays numerous repeating rows with a fixed column structure, characteristic of a passenger manifest or census page."
dense_tabular_rows,J:\Genealogy\genealogy_pipeline\data\working\Screenshot 2026-06-08 203435.png,dense_tabular_rows,"The document displays a structured form with repeated columns detailing passenger information, characteristic of a passenger manifest."
dense_tabular_rows,J:\Genealogy\genealogy_pipeline\data\working\Screenshot 2026-06-08 203554.png,dense_tabular_rows,"The image displays multiple rows with repeated, structured entries, characteristic of a passenger manifest or census page."
dense_tabular_rows,J:\Genealogy\genealogy_pipeline\data\working\Screenshot 2026-06-08 205557.png,dense_tabular_rows,"The image displays multiple rows of structured data, characteristic of a passenger manifest or census page."
dense_tabular_rows,J:\Genealogy\genealogy_pipeline\data\working\Screenshot 2026-06-08 210516.png,dense_tabular_rows,"The document consists of many repeated rows, each detailing information for a different person in a fixed column layout, characteristic of a passenger manifest."
dense_tabular_rows,J:\Genealogy\genealogy_pipeline\data\working\Screenshot 2026-06-08 210608.png,dense_tabular_rows,"The image displays numerous repeating rows with a fixed column structure, characteristic of a passenger manifest or census page."
dense_tabular_rows,J:\Genealogy\genealogy_pipeline\data\working\Screenshot 2026-06-08 212608.png,dense_tabular_rows,"The image displays multiple numbered entries arranged in a repeating column structure, characteristic of a manifest or census page."
dense_tabular_rows,J:\Genealogy\genealogy_pipeline\data\working\Screenshot 2026-06-08 213136.png,dense_tabular_rows,"The document consists of many repeated rows, each detailing information for a different passenger, characteristic of a passenger manifest."
dense_tabular_rows,J:\Genealogy\genealogy_pipeline\data\working\Screenshot 2026-06-08 215632.png,dense_tabular_rows,"The image displays multiple repeating rows with structured data, characteristic of a passenger manifest or census page."
dense_tabular_rows,J:\Genealogy\genealogy_pipeline\data\working\Screenshot 2026-06-08 215929.png,dense_tabular_rows,"The document consists of many repeated rows with a fixed column structure, characteristic of a passenger manifest."
dense_tabular_rows,J:\Genealogy\genealogy_pipeline\data\working\Screenshot 2026-06-08 220331.png,dense_tabular_rows,"The image displays multiple entries arranged in a repeating column structure, characteristic of a manifest or census page."
dense_tabular_rows,J:\Genealogy\genealogy_pipeline\data\working\Screenshot 2026-06-09 005502.png,dense_tabular_rows,"The document displays structured data in multiple rows with repeated column-like entries, characteristic of a tabular format."
dense_tabular_rows,J:\Genealogy\genealogy_pipeline\data\working\Screenshot 2026-06-09 090808.png,dense_tabular_rows,"The image displays numerous repeated rows of entries, characteristic of a passenger manifest or census page."
dense_tabular_rows,J:\Genealogy\genealogy_pipeline\data\working\Screenshot 2026-06-09 134501.png,dense_tabular_rows,"The image displays a structured table with multiple repeating columns for records, characteristic of a register."
dense_tabular_rows,J:\Genealogy\genealogy_pipeline\data\working\Screenshot 2026-06-09 150239.png,dense_tabular_rows,"The document displays structured information in a fixed layout, characteristic of a record or manifest."
dense_tabular_rows,J:\Genealogy\genealogy_pipeline\data\working\Screenshot 2026-06-09 163555.png,dense_tabular_rows,"The image displays numerous repeated rows of data structured in a fixed column layout, characteristic of a passenger manifest."
dense_tabular_rows,J:\Genealogy\genealogy_pipeline\data\working\Screenshot 2026-06-09 164952.png,dense_tabular_rows,"The image displays a passenger manifest with many repeated rows, each detailing information for a different person."
dense_tabular_rows,J:\Genealogy\genealogy_pipeline\data\working\Screenshot 2026-06-09 170519.png,dense_tabular_rows,"The image displays multiple rows with repeated column structures, characteristic of a manifest or census page."
dense_tabular_rows,J:\Genealogy\genealogy_pipeline\data\working\Screenshot 2026-06-09 170706.png,dense_tabular_rows,The image displays multiple lines of handwritten entries suggesting a repetitive tabular structure.
dense_tabular_rows,J:\Genealogy\genealogy_pipeline\data\working\Screenshot 2026-06-09 172239.png,dense_tabular_rows,"The image displays multiple rows of entries with consistent column structures, characteristic of a passenger manifest or census page."
dense_tabular_rows,J:\Genealogy\genealogy_pipeline\data\working\Screenshot 2026-06-09 203951.png,dense_tabular_rows,"The image consists of multiple lines of names arranged in a repeating, list-like structure characteristic of a manifest or census page."
dense_tabular_rows,J:\Genealogy\genealogy_pipeline\data\working\Screenshot 2026-06-09 205058.png,dense_tabular_rows,"The image displays multiple rows with similar structured entries, characteristic of a passenger manifest or census page."
dense_tabular_rows,J:\Genealogy\genealogy_pipeline\data\working\Screenshot 2026-06-10 005518.png,dense_tabular_rows,"The image displays multiple distinct entries structured in a repeating column format, characteristic of a manifest or census page."
dense_tabular_rows,J:\Genealogy\genealogy_pipeline\data\working\Screenshot 2026-06-10 023640.png,dense_tabular_rows,"The image displays structured data in a columnar format, suggesting repeated rows of information."
dense_tabular_rows,J:\Genealogy\genealogy_pipeline\data\working\Screenshot 2026-06-10 041545.png,dense_tabular_rows,"The image displays repeated entries structured in columns, characteristic of a tabular record."
dense_tabular_rows,J:\Genealogy\genealogy_pipeline\data\working\Screenshot 2026-06-10 130222.png,dense_tabular_rows,"The image displays a structured table with repeated rows of data, characteristic of a census or manifest."
dense_tabular_rows,J:\Genealogy\genealogy_pipeline\data\working\Screenshot 2026-06-11 150812.png,dense_tabular_rows,The image displays multiple lines of entries suggesting a repeating structure typical of a manifest or census page.
dense_tabular_rows,J:\Genealogy\genealogy_pipeline\data\working\Screenshot 2026-06-11 151243.png,dense_tabular_rows,"The image displays numerous repeating rows of data structured in a fixed column layout, characteristic of a passenger manifest."
dense_tabular_rows,J:\Genealogy\genealogy_pipeline\data\working\Screenshot 2026-06-11 151410.png,dense_tabular_rows,"The image displays multiple rows of entries, suggesting a repeating tabular structure like a manifest or census page."
dense_tabular_rows,J:\Genealogy\genealogy_pipeline\data\working\Screenshot 2026-06-11 151737.png,dense_tabular_rows,"The image displays numerous repeating rows of data, characteristic of a passenger manifest or census page."
dense_tabular_rows,J:\Genealogy\genealogy_pipeline\data\working\Screenshot 2026-06-11 152041.png,dense_tabular_rows,"The image displays numerous repeated rows with a fixed column structure, characteristic of a passenger manifest or census page."
dense_tabular_rows,J:\Genealogy\genealogy_pipeline\data\working\Screenshot 2026-06-11 180736.png,dense_tabular_rows,"The document consists of multiple file entries referencing examinations, suggesting a repetitive, structured list format."
dense_tabular_rows,J:\Genealogy\genealogy_pipeline\data\working\Screenshot 2026-06-11 183947.png,dense_tabular_rows,"The image displays numerous lines of handwritten entries arranged in a columnar format, characteristic of a manifest or census page."
dense_tabular_rows,J:\Genealogy\genealogy_pipeline\data\working\Screenshot 2026-06-12 012236.png,dense_tabular_rows,"The image displays multiple distinct entries structured in a repeating, columnar format."
dense_tabular_rows,J:\Genealogy\genealogy_pipeline\data\working\Screenshot 2026-06-12 144956.png,dense_tabular_rows,"The image displays multiple sequential entries structured in a repeating column format, characteristic of a passenger manifest."
dense_tabular_rows,J:\Genealogy\genealogy_pipeline\data\working\Screenshot 2026-06-12 163305.png,dense_tabular_rows,"The image displays multiple rows of data structured in a fixed column layout, characteristic of a manifest or census page."
dense_tabular_rows,J:\Genealogy\genealogy_pipeline\data\working\Screenshot 2026-06-12 163718.png,dense_tabular_rows,"The image displays multiple entries in a fixed column layout, characteristic of a dense tabular record."
dense_tabular_rows,J:\Genealogy\genealogy_pipeline\data\working\Screenshot 2026-06-12 190532.png,dense_tabular_rows,"The document consists of two entries structured in a repeating, columnar format typical of manifests or lists."
dense_tabular_rows,J:\Genealogy\genealogy_pipeline\data\working\Screenshot 2026-06-12 193604.png,dense_tabular_rows,"The document consists of multiple file entries structured in a repeating, list-like format."
dense_tabular_rows,J:\Genealogy\genealogy_pipeline\data\working\Screenshot 2026-06-12 194706.png,dense_tabular_rows,"The image displays multiple lines of data structured in repeating columns, characteristic of a manifest or census page."
dense_tabular_rows,J:\Genealogy\genealogy_pipeline\data\working\Screenshot 2026-06-12 211152.png,dense_tabular_rows,"The image displays multiple file entries with associated descriptive text, suggesting a structured list format."
dense_tabular_rows,J:\Genealogy\genealogy_pipeline\data\working\Screenshot 2026-06-12 230232.png,dense_tabular_rows,"The image displays file entries with associated descriptive text, suggesting a structured, repetitive record format."
dense_tabular_rows,J:\Genealogy\genealogy_pipeline\data\working\Screenshot 2026-06-12 233245.png,dense_tabular_rows,"The image displays a list structure with repeated rows, characteristic of a manifest or tabular data."
dense_tabular_rows,J:\Genealogy\genealogy_pipeline\data\working\Screenshot 2026-06-13 082043.png,dense_tabular_rows,The image displays a structured table with repeated rows detailing different lifestyle choices and usage quantities.
dense_tabular_rows,J:\Genealogy\genealogy_pipeline\data\working\Screenshot 2026-06-13 082510.png,dense_tabular_rows,"The image displays a structured form with multiple labeled rows intended for data entry, characteristic of a tabular structure."
dense_tabular_rows,J:\Genealogy\genealogy_pipeline\data\working\Screenshot 2026-06-13 082732.png,dense_tabular_rows,"The image displays a structured table with repeated rows, characteristic of a census page or manifest."
dense_tabular_rows,J:\Genealogy\genealogy_pipeline\data\working\Screenshot 2026-06-14 151602.png,dense_tabular_rows,"The image displays a structured table with many repeated rows, characteristic of a manifest or census data."
dense_tabular_rows,J:\Genealogy\genealogy_pipeline\data\working\Screenshot 2026-06-17 002617.png,dense_tabular_rows,"The image displays structured technical specifications in a repeating, columnar format typical of system data."
dense_tabular_rows,J:\Genealogy\genealogy_pipeline\data\working\Screenshot 2026-06-17 010000.png,dense_tabular_rows,"The image displays multiple repeating rows with a fixed column structure, characteristic of a passenger manifest."
dense_tabular_rows,J:\Genealogy\genealogy_pipeline\data\working\Screenshot 2026-06-19 232520.png,dense_tabular_rows,"The image displays numerous repeated rows with a fixed column structure, characteristic of a census page."
dense_tabular_rows,J:\Genealogy\genealogy_pipeline\data\working\Screenshot 2026-06-19 234715.png,dense_tabular_rows,"The image displays a structure with multiple columns intended for repeated entries, characteristic of a census or manifest."
handwritten_ledger,J:\Genealogy\genealogy_pipeline\data\working\Screenshot 2026-05-28 223046.png,handwritten_ledger,"The image consists of dense, continuous handwritten script without a clear printed form structure."
handwritten_ledger,J:\Genealogy\genealogy_pipeline\data\working\Screenshot 2026-05-28 223950.png,handwritten_ledger,"The image consists of dense, continuous handwritten script without a clear printed form structure."
handwritten_ledger,J:\Genealogy\genealogy_pipeline\data\working\Screenshot 2026-05-29 033755.png,handwritten_ledger,The image consists of handwritten entries in a linear format without a clear printed form structure.
handwritten_ledger,J:\Genealogy\genealogy_pipeline\data\working\Screenshot 2026-06-09 183957.png,handwritten_ledger,"The image consists of dense, unstructured handwritten script without a clear printed form structure."
handwritten_ledger,J:\Genealogy\genealogy_pipeline\data\working\Screenshot 2026-06-09 210004.png,handwritten_ledger,"The image consists of dense, flowing handwriting without a clear printed form structure."
handwritten_ledger,J:\Genealogy\genealogy_pipeline\data\working\Screenshot 2026-06-09 210025.png,handwritten_ledger,"The image consists of dense, continuous handwriting without a clear printed form structure."
handwritten_ledger,J:\Genealogy\genealogy_pipeline\data\working\Screenshot 2026-06-12 163038.png,handwritten_ledger,"The image consists of dense, handwritten entries without a clear printed form structure."
handwritten_ledger,J:\Genealogy\genealogy_pipeline\data\working\Screenshot 2026-06-15 210210.png,handwritten_ledger,"The image consists of a single handwritten signature and title, fitting the description of a dense handwritten record without a clear printed form structure."
printed_document,J:\Genealogy\genealogy_pipeline\data\working\oocihm.lac_reel_c10296.517(1).jpg,printed_document,"The document is a typed official statement with a few labeled fields, fitting the description of a single-entity form."
printed_document,J:\Genealogy\genealogy_pipeline\data\working\oocihm.lac_reel_c10610.351.jpg,printed_document,"The image consists of typed prose, which fits the description of a printed document."
printed_document,J:\Genealogy\genealogy_pipeline\data\working\oocihm.lac_reel_c10639.547(1).jpg,printed_document,"The image contains typed prose, characteristic of a letter, without a repeating tabular structure."
printed_document,J:\Genealogy\genealogy_pipeline\data\working\oocihm.lac_reel_c4726.101(1).jpg,printed_document,"The image is a typed form with a handful of labeled fields, fitting the description of a single-entity form."
printed_document,J:\Genealogy\genealogy_pipeline\data\working\Screenshot 2026-05-03 122534.png,printed_document,"The image displays a single entry with a name and dates, fitting the description of a single-entity form."
printed_document,J:\Genealogy\genealogy_pipeline\data\working\Screenshot 2026-05-03 135133.png,printed_document,The image contains biographical information about a single person in a printed format without repeating rows.
printed_document,J:\Genealogy\genealogy_pipeline\data\working\Screenshot 2026-05-05 223251.png,printed_document,The image contains printed text that does not exhibit the repetitive row structure characteristic of a dense tabular document.
printed_document,J:\Genealogy\genealogy_pipeline\data\working\Screenshot 2026-05-06 000656.png,printed_document,The text is typed prose describing an individual's life events and biographical details.
printed_document,J:\Genealogy\genealogy_pipeline\data\working\Screenshot 2026-05-05 235807.png,printed_document,"The image consists of continuous typed prose, fitting the description of a printed document."
printed_document,J:\Genealogy\genealogy_pipeline\data\working\Screenshot 2026-05-06 013137.png,printed_document,The image consists of typed prose without a repeating tabular structure or complex visual elements.
printed_document,J:\Genealogy\genealogy_pipeline\data\working\Screenshot 2026-05-06 080110.png,printed_document,"The image contains typed prose describing historical information, fitting the definition of a printed document."
printed_document,J:\Genealogy\genealogy_pipeline\data\working\Screenshot 2026-05-06 183130.png,printed_document,"The image displays citation details and associated facts, which is a single-entity form with labeled fields, fitting the printed document category."
printed_document,J:\Genealogy\genealogy_pipeline\data\working\Screenshot 2026-05-06 183233.png,printed_document,"The image displays a single-entity record with a handful of labeled fields, characteristic of a printed document like a marriage record."
printed_document,J:\Genealogy\genealogy_pipeline\data\working\Screenshot 2026-05-07 202709.png,printed_document,The image displays a genealogy interface with single-entity record views rather than repeated tabular data.
printed_document,J:\Genealogy\genealogy_pipeline\data\working\Screenshot 2026-05-07 204820.png,printed_document,"The image displays a single record with a handful of labeled fields, characteristic of a single-entity form like a marriage record."
printed_document,J:\Genealogy\genealogy_pipeline\data\working\Screenshot 2026-05-07 205247.png,printed_document,"This document presents a handful of facts about one person using a form-like layout, characteristic of a printed document."
printed_document,J:\Genealogy\genealogy_pipeline\data\working\Screenshot 2026-05-07 222835.png,printed_document,"This document presents a handful of facts about one person once, fitting the description of a single-entity form."
printed_document,J:\Genealogy\genealogy_pipeline\data\working\Screenshot 2026-05-07 222929.png,printed_document,"The document presents a handful of facts about one person using a labeled field structure, characteristic of a single-entity form."
printed_document,J:\Genealogy\genealogy_pipeline\data\working\Screenshot 2026-05-05 082058.png,printed_document,"This is a single-entity form with a handful of labeled fields, characteristic of a printed document like a marriage index entry."
printed_document,J:\Genealogy\genealogy_pipeline\data\working\Screenshot 2026-05-05 205516.png,printed_document,"The image displays structured text in a printed format, resembling a gazette or official publication, without repeating rows of data."
printed_document,J:\Genealogy\genealogy_pipeline\data\working\Screenshot 2026-05-06 184424.png,printed_document,"The input is a string of location data, which is classified as printed text without a tabular or complex structure."
printed_document,J:\Genealogy\genealogy_pipeline\data\working\Screenshot 2026-05-09 022312.png,printed_document,The image consists of typed prose without a repeating tabular structure or complex layout.
printed_document,J:\Genealogy\genealogy_pipeline\data\working\Screenshot 2026-05-03 124300.png,printed_document,The document presents a handful of facts about one person using labeled fields rather than repeating rows of data.
printed_document,J:\Genealogy\genealogy_pipeline\data\working\Screenshot 2026-05-03 130330.png,printed_document,"The image displays structured biographical information about individuals in a form-like layout, not repeating rows."
printed_document,J:\Genealogy\genealogy_pipeline\data\working\Screenshot 2026-05-03 134456.png,printed_document,"The image appears to be a printed document, likely a historical record or certificate, with a single entity's information."
printed_document,J:\Genealogy\genealogy_pipeline\data\working\Screenshot 2026-05-03 164753.png,printed_document,"The image displays structured relationship information about individuals, fitting the description of a single-entity form with labeled fields."
printed_document,J:\Genealogy\genealogy_pipeline\data\working\Screenshot 2026-05-04 023218.png,printed_document,The image contains typed prose resembling an article or news clipping without a repeating tabular structure.
printed_document,J:\Genealogy\genealogy_pipeline\data\working\Screenshot 2026-05-07 001905.png,printed_document,"The image contains substantial typed prose, characteristic of a letter or article, without a repeating tabular structure."
printed_document,J:\Genealogy\genealogy_pipeline\data\working\Screenshot 2026-05-08 072654.png,printed_document,"The image contains biographical text about an individual, fitting the description of printed prose or a single-entity form."
printed_document,J:\Genealogy\genealogy_pipeline\data\working\Screenshot 2026-05-08 075936.png,printed_document,The document presents a handful of facts about one person using a single-entity form structure.
printed_document,J:\Genealogy\genealogy_pipeline\data\working\Screenshot 2026-05-08 081027.png,printed_document,"The document appears to be a record with a handful of specific, non-repeated fields, characteristic of a single-entity form."
printed_document,J:\Genealogy\genealogy_pipeline\data\working\Screenshot 2026-05-08 081326.png,printed_document,"This is a summary record with a handful of facts about one entity, fitting the definition of a printed document."
printed_document,J:\Genealogy\genealogy_pipeline\data\working\Screenshot 2026-05-08 082537.png,printed_document,This document presents a handful of facts about a single entity rather than repeating rows of data.
printed_document,J:\Genealogy\genealogy_pipeline\data\working\Screenshot 2026-05-08 083013.png,printed_document,"The image displays structured biographical information for a single individual, fitting the description of a single-entity form."
printed_document,J:\Genealogy\genealogy_pipeline\data\working\Screenshot 2026-05-08 083303.png,printed_document,"The image displays citation details and biographical facts about a single individual, fitting the description of a single-entity form."
printed_document,J:\Genealogy\genealogy_pipeline\data\working\Screenshot 2026-05-08 083834.png,printed_document,"The image contains printed text in a directory format, which does not exhibit the repetitive row structure of a census or manifest."
printed_document,J:\Genealogy\genealogy_pipeline\data\working\Screenshot 2026-05-08 195404.png,printed_document,The image displays biographical information about a single individual in a printed format without repeating rows.
printed_document,J:\Genealogy\genealogy_pipeline\data\working\Screenshot 2026-05-08 205235.png,printed_document,The image contains typed prose structured as an article or document without repeating tabular data.
printed_document,J:\Genealogy\genealogy_pipeline\data\working\Screenshot 2026-05-09 024407.png,printed_document,The image contains printed text structured as a preliminary list rather than repeating tabular data.
printed_document,J:\Genealogy\genealogy_pipeline\data\working\Screenshot 2026-05-09 031232.png,printed_document,The image consists of typed prose without a repeating tabular structure or form layout.
printed_document,J:\Genealogy\genealogy_pipeline\data\working\Screenshot 2026-05-09 031551.png,printed_document,"The image displays a title and a link structure typical of a digital collection interface, which is a form of printed text presentation."
printed_document,J:\Genealogy\genealogy_pipeline\data\working\Screenshot 2026-05-09 111537_1.png,printed_document,"The image contains printed text and a logo, fitting the description of a printed document without tabular repetition."
printed_document,J:\Genealogy\genealogy_pipeline\data\working\Screenshot 2026-05-09 120123.png,printed_document,The image contains biographical information about a single entity in a printed text format.
printed_document,J:\Genealogy\genealogy_pipeline\data\working\Screenshot 2026-05-09 120859.png,printed_document,"The image displays a single record with a handful of labeled fields, characteristic of a single-entity form."
printed_document,J:\Genealogy\genealogy_pipeline\data\working\Screenshot 2026-05-10 185322.png,printed_document,"The image displays a list of document types, which are single-entity forms rather than repeating tabular data."
printed_document,J:\Genealogy\genealogy_pipeline\data\working\Screenshot 2026-05-10 190444.png,printed_document,"The document appears to be a single, structured form with a handful of labeled fields rather than repeated rows of data."
printed_document,J:\Genealogy\genealogy_pipeline\data\working\Screenshot 2026-05-10 213343.png,printed_document,"The image contains typed prose and a single-entity form structure, fitting the definition of a printed document."
printed_document,J:\Genealogy\genealogy_pipeline\data\working\Screenshot 2026-05-10 213349.jpg,printed_document,"The image consists of typed prose and calls to action, fitting the description of printed text."
printed_document,J:\Genealogy\genealogy_pipeline\data\working\Screenshot 2026-05-11 000053.png,printed_document,"The document presents a handful of facts about a single person using labeled fields, fitting the definition of a printed document."
printed_document,J:\Genealogy\genealogy_pipeline\data\working\Screenshot 2026-05-11 002520.png,printed_document,"The document presents a handful of facts about one person using a form-like structure, not repeated rows."
printed_document,J:\Genealogy\genealogy_pipeline\data\working\Screenshot 2026-05-11 002649.png,printed_document,"The document presents a handful of facts about one person once, fitting the description of a single-entity form."
printed_document,J:\Genealogy\genealogy_pipeline\data\working\Screenshot 2026-05-11 003016.png,printed_document,"The document presents a handful of facts about one person once, fitting the description of a single-entity form."
printed_document,J:\Genealogy\genealogy_pipeline\data\working\Screenshot 2026-05-11 003607.png,printed_document,"The image displays a single entity's details in a form-like structure, which fits the definition of a printed document."
printed_document,J:\Genealogy\genealogy_pipeline\data\working\Screenshot 2026-05-11 004333.png,printed_document,"The image displays a handful of labeled fields about one entity, characteristic of a single-entity form."
printed_document,J:\Genealogy\genealogy_pipeline\data\working\Screenshot 2026-05-11 004611.png,printed_document,"The image displays biographical information in a prose format, characteristic of a printed document."
printed_document,J:\Genealogy\genealogy_pipeline\data\working\Screenshot 2026-05-11 004745.png,printed_document,"This document is a single-entity form with a handful of labeled fields, characteristic of a printed certificate."
printed_document,J:\Genealogy\genealogy_pipeline\data\working\Screenshot 2026-05-11 004917.png,printed_document,"The image displays a title and a few single facts about an emigration topic, fitting the description of a printed document."
printed_document,J:\Genealogy\genealogy_pipeline\data\working\Screenshot 2026-05-11 005135.png,printed_document,"The document presents a handful of facts about one person once, fitting the description of a single-entity form."
printed_document,J:\Genealogy\genealogy_pipeline\data\working\Screenshot 2026-05-11 005309.png,printed_document,"This document presents a handful of facts about a single marriage event using labeled fields, fitting the definition of a printed document."
printed_document,J:\Genealogy\genealogy_pipeline\data\working\Screenshot 2026-05-11 013225.png,printed_document,"The document presents a handful of facts about one person using a clear two-column label structure, fitting the single-entity form criteria."
printed_document,J:\Genealogy\genealogy_pipeline\data\working\Screenshot 2026-05-11 013420.png,printed_document,"The image presents biographical data for a single entity in a simple, non-tabular format."
printed_document,J:\Genealogy\genealogy_pipeline\data\working\Screenshot 2026-05-11 013733.png,printed_document,"The image displays structured, single-entity record fields rather than repeated tabular data."
printed_document,J:\Genealogy\genealogy_pipeline\data\working\Screenshot 2026-05-11 014217.png,printed_document,The document presents a single record with labeled fields rather than repeating rows of data.
printed_document,J:\Genealogy\genealogy_pipeline\data\working\Screenshot 2026-05-11 014410.png,printed_document,"The image displays distinct, single-entity records typical of printed documents like marriage entries."
printed_document,J:\Genealogy\genealogy_pipeline\data\working\Screenshot 2026-05-11 014827.png,printed_document,The image displays a form with a handful of single-entity fields rather than repeated rows of data.
printed_document,J:\Genealogy\genealogy_pipeline\data\working\Screenshot 2026-05-11 015320.png,printed_document,"The image displays a navigation path and title, which is characteristic of a printed document structure."
printed_document,J:\Genealogy\genealogy_pipeline\data\working\Screenshot 2026-05-11 015350.png,printed_document,"The document presents a handful of facts about one person using a clear two-column label structure, fitting the single-entity form criteria."
printed_document,J:\Genealogy\genealogy_pipeline\data\working\Screenshot 2026-05-11 224826.png,printed_document,"The document presents a handful of facts about one person using a form-like structure, not repeated rows."
printed_document,J:\Genealogy\genealogy_pipeline\data\working\Screenshot 2026-05-19 192122.png,printed_document,"The image displays a simple text input interface, which falls under the category of printed document structure."
printed_document,J:\Genealogy\genealogy_pipeline\data\working\Screenshot 2026-05-20 235057.png,printed_document,"The image consists primarily of typed prose and headings, fitting the description of printed text."
printed_document,J:\Genealogy\genealogy_pipeline\data\working\Screenshot 2026-05-20 235159.png,printed_document,"The file path suggests a report, which is typically typed prose, not a repetitive tabular structure."
printed_document,J:\Genealogy\genealogy_pipeline\data\working\Screenshot 2026-05-20 235958.png,printed_document,"The image contains printed text listing names and details, fitting the description of a printed document."
printed_document,J:\Genealogy\genealogy_pipeline\data\working\Screenshot 2026-05-21 001655.png,printed_document,"The image consists of continuous prose, characteristic of a typed document or article."
printed_document,J:\Genealogy\genealogy_pipeline\data\working\Screenshot 2026-05-21 003217.png,printed_document,"The image displays a profile interface with text and buttons, fitting the description of a printed document interface rather than a structured record."
printed_document,J:\Genealogy\genealogy_pipeline\data\working\Screenshot 2026-05-21 010501.png,printed_document,The image displays biographical information in a standard text format without repeating tabular rows.
printed_document,J:\Genealogy\genealogy_pipeline\data\working\Screenshot 2026-05-21 010522.png,printed_document,"The image displays a profile entry with biographical text and navigation buttons, fitting the description of a single-entity form."
printed_document,J:\Genealogy\genealogy_pipeline\data\working\Screenshot 2026-05-21 010551.png,printed_document,"The image displays biographical information about a single individual, fitting the description of a printed document."
printed_document,J:\Genealogy\genealogy_pipeline\data\working\Screenshot 2026-05-21 010627.png,printed_document,"The image displays a profile entry with a name and biographical details, which is a single-entity form structure."
printed_document,J:\Genealogy\genealogy_pipeline\data\working\Screenshot 2026-05-21 010714.png,printed_document,"The image displays biographical information in a prose format, characteristic of a printed document."
printed_document,J:\Genealogy\genealogy_pipeline\data\working\Screenshot 2026-05-21 012937.png,printed_document,"The image displays a single entity's memorial inscription, fitting the description of a single-entity form with labeled fields."
printed_document,J:\Genealogy\genealogy_pipeline\data\working\Screenshot 2026-05-21 014056.png,printed_document,"The document presents geographic and location data in a structured, non-repeating format typical of a printed record."
printed_document,J:\Genealogy\genealogy_pipeline\data\working\Screenshot 2026-05-21 014313.png,printed_document,The image contains typed prose resembling a formal letter or document without repeating tabular data.
printed_document,J:\Genealogy\genealogy_pipeline\data\working\Screenshot 2026-05-21 015244.png,printed_document,"The image displays a hierarchical file structure with text labels, fitting the description of printed prose or a document structure."
printed_document,J:\Genealogy\genealogy_pipeline\data\working\Screenshot 2026-05-21 024008.png,printed_document,"The image contains a single-entity form with labeled questions, fitting the description of a printed document."
printed_document,J:\Genealogy\genealogy_pipeline\data\working\Screenshot 2026-05-21 080949.png,printed_document,"The image displays text in a book format with distinct entries for individuals, fitting the description of a single-entity printed document."
printed_document,J:\Genealogy\genealogy_pipeline\data\working\Screenshot 2026-05-21 083550.png,printed_document,"The document presents geographic and location data in a structured, non-repeating format typical of a printed record."
printed_document,J:\Genealogy\genealogy_pipeline\data\working\Screenshot 2026-05-26 004813.png,printed_document,The image displays biographical information about a single individual in a printed text format.
printed_document,J:\Genealogy\genealogy_pipeline\data\working\Screenshot 2026-05-26 010635.png,printed_document,"The image displays biographical information structured as a list of facts about one individual, fitting the definition of a single-entity printed document."
printed_document,J:\Genealogy\genealogy_pipeline\data\working\Screenshot 2026-05-26 020346.png,printed_document,The document presents a handful of facts about one person using a form-like layout rather than repeating rows of data.
printed_document,J:\Genealogy\genealogy_pipeline\data\working\Screenshot 2026-05-26 205431.png,printed_document,"The image contains typed prose structured as a formal resolution or document, fitting the printed_document category."
printed_document,J:\Genealogy\genealogy_pipeline\data\working\Screenshot 2026-05-26 210303.png,printed_document,The image contains typed text that does not exhibit the repetitive row structure characteristic of dense tabular data.
printed_document,J:\Genealogy\genealogy_pipeline\data\working\Screenshot 2026-05-26 210508.png,printed_document,"The image consists of continuous typed prose, characteristic of an article or letter."
printed_document,J:\Genealogy\genealogy_pipeline\data\working\Screenshot 2026-05-26 215214.png,printed_document,"The image contains primarily typed text structured as a webpage or document, not a repeating tabular form."
printed_document,J:\Genealogy\genealogy_pipeline\data\working\Screenshot 2026-05-26 225559.png,printed_document,"The image consists of typed prose describing geographical and historical context, fitting the printed document category."
printed_document,J:\Genealogy\genealogy_pipeline\data\working\Screenshot 2026-05-26 232529.png,printed_document,"The input is a descriptive text snippet, which falls under the category of printed prose."
printed_document,J:\Genealogy\genealogy_pipeline\data\working\Screenshot 2026-05-26 233722.png,printed_document,"The image displays a single entry with a name and dates, fitting the description of a single-entity form."
printed_document,J:\Genealogy\genealogy_pipeline\data\working\Screenshot 2026-05-26 234228.png,printed_document,"The image displays structured entries for events, which are single-entity forms rather than repeated tabular data."
printed_document,J:\Genealogy\genealogy_pipeline\data\working\Screenshot 2026-05-26 234435.png,printed_document,"The document presents a handful of facts about one person once, fitting the description of a single-entity form."
printed_document,J:\Genealogy\genealogy_pipeline\data\working\Screenshot 2026-05-26 235852.png,printed_document,The document presents a handful of facts about one entity rather than repeating the same structure for many different people.
printed_document,J:\Genealogy\genealogy_pipeline\data\working\Screenshot 2026-05-27 005001.png,printed_document,"The image consists of typed prose, fitting the description of a printed document."
printed_document,J:\Genealogy\genealogy_pipeline\data\working\Screenshot 2026-05-27 193130.png,printed_document,"The image contains typed prose discussing a location and related information, fitting the description of printed text."
printed_document,J:\Genealogy\genealogy_pipeline\data\working\Screenshot 2026-05-27 201730.png,printed_document,The image consists of typed prose describing a historical location and background information.
printed_document,J:\Genealogy\genealogy_pipeline\data\working\Screenshot 2026-05-27 205626.png,printed_document,"The image displays a list of dated events with associated information, fitting the structure of a printed document rather than a repeating tabular form."
printed_document,J:\Genealogy\genealogy_pipeline\data\working\Screenshot 2026-05-27 211850.png,printed_document,"The image displays a navigation path, which is a form of typed prose structure rather than a repeating tabular or complex visual layout."
printed_document,J:\Genealogy\genealogy_pipeline\data\working\Screenshot 2026-05-27 212446.png,printed_document,The image consists of typed prose forming a letter or article without a repeating tabular structure.
printed_document,J:\Genealogy\genealogy_pipeline\data\working\Screenshot 2026-05-27 213419.png,printed_document,"The image displays discrete entries for life events, characteristic of a single-entity form rather than repeated tabular data."
printed_document,J:\Genealogy\genealogy_pipeline\data\working\Screenshot 2026-05-27 225741.png,printed_document,"The input is continuous prose, characteristic of a letter or article, without a repeating tabular structure."
printed_document,J:\Genealogy\genealogy_pipeline\data\working\Screenshot 2026-05-27 230301.png,printed_document,"The image displays a search interface and text, which constitutes printed prose rather than a structured repeating table or a chart."
printed_document,J:\Genealogy\genealogy_pipeline\data\working\Screenshot 2026-05-27 230436.png,printed_document,"The provided text appears to be a search results listing, which is structured prose rather than a repeating tabular form."
printed_document,J:\Genealogy\genealogy_pipeline\data\working\Screenshot 2026-05-27 230604.png,printed_document,"The image is a single, printed document with a title and institutional markings, not a repeating tabular structure."
printed_document,J:\Genealogy\genealogy_pipeline\data\working\Screenshot 2026-05-27 233927.png,printed_document,"The image consists of typed prose, fitting the description of a printed document."
printed_document,J:\Genealogy\genealogy_pipeline\data\working\Screenshot 2026-05-28 003945.png,printed_document,"The image displays contact information and a location, which constitutes a single-entity informational document."
printed_document,J:\Genealogy\genealogy_pipeline\data\working\Screenshot 2026-05-28 004026.png,printed_document,"The image displays bibliographic or catalog information, which is a form-like structure with a handful of one-time labeled fields."
printed_document,J:\Genealogy\genealogy_pipeline\data\working\Screenshot 2026-05-28 004930.png,printed_document,The image contains a short piece of typed prose without a repeating tabular structure.
printed_document,J:\Genealogy\genealogy_pipeline\data\working\Screenshot 2026-05-28 011354.png,printed_document,"The image displays biographical facts structured in a list format, characteristic of a printed document rather than a repeating tabular structure."
printed_document,J:\Genealogy\genealogy_pipeline\data\working\Screenshot 2026-05-28 080947.png,printed_document,"The item appears to be a file listing with metadata, fitting the description of a single-entity document structure."
printed_document,J:\Genealogy\genealogy_pipeline\data\working\Screenshot 2026-05-28 081602.png,printed_document,The image consists of prose text without a repeating tabular structure or chart layout.
printed_document,J:\Genealogy\genealogy_pipeline\data\working\Screenshot 2026-05-28 205156.png,printed_document,The image consists of typed prose without a repeating tabular structure or complex chart layout.
printed_document,J:\Genealogy\genealogy_pipeline\data\working\Screenshot 2026-05-28 205212.png,printed_document,"The image contains typed prose and navigational text, fitting the description of printed prose."
printed_document,J:\Genealogy\genealogy_pipeline\data\working\Screenshot 2026-05-28 210111.png,printed_document,"The image consists of continuous typed prose, fitting the description of printed text without a tabular or chart structure."
printed_document,J:\Genealogy\genealogy_pipeline\data\working\Screenshot 2026-05-28 210741.png,printed_document,"The document presents a handful of facts about one person using labeled fields, fitting the definition of a single-entity form."
printed_document,J:\Genealogy\genealogy_pipeline\data\working\Screenshot 2026-05-28 213751.png,printed_document,"The image displays a list of sources and links, which constitutes printed text without a repeating tabular structure."
printed_document,J:\Genealogy\genealogy_pipeline\data\working\Screenshot 2026-05-28 220245.png,printed_document,The image appears to be typed or printed prose without a repeating tabular structure or a complex chart layout.
printed_document,J:\Genealogy\genealogy_pipeline\data\working\Screenshot 2026-05-28 220933.png,printed_document,"The image contains minimal text and a star symbol, fitting the description of a single-entity document with few labeled fields."
printed_document,J:\Genealogy\genealogy_pipeline\data\working\Screenshot 2026-05-28 221712.png,printed_document,The input is a block of prose text without a repeating tabular structure or a complex visual layout.
printed_document,J:\Genealogy\genealogy_pipeline\data\working\Screenshot 2026-05-29 001159.png,printed_document,The image consists of simple typed text without a repeating tabular structure or complex layout.
printed_document,J:\Genealogy\genealogy_pipeline\data\working\Screenshot 2026-05-29 001914.png,printed_document,The image contains handwritten script that does not exhibit the repetitive structure of a tabular document.
printed_document,J:\Genealogy\genealogy_pipeline\data\working\Screenshot 2026-05-29 014045.png,printed_document,The image contains continuous prose typical of a printed document without a repeating tabular structure.
printed_document,J:\Genealogy\genealogy_pipeline\data\working\Screenshot 2026-05-29 033627.png,printed_document,"The image contains a handwritten entry alongside printed numbers, suggesting a single-entity record rather than repeated tabular data."
printed_document,J:\Genealogy\genealogy_pipeline\data\working\Screenshot 2026-05-29 214538.png,printed_document,The image contains handwritten text that does not exhibit the repetitive structure of a tabular document.
printed_document,J:\Genealogy\genealogy_pipeline\data\working\Screenshot 2026-05-29 215439.png,printed_document,The image appears to contain printed text without a repeating tabular structure or a complex chart layout.
printed_document,J:\Genealogy\genealogy_pipeline\data\working\Screenshot 2026-05-29 223824.png,printed_document,"The image appears to be printed text, likely from a document, without repeating tabular structures."
printed_document,J:\Genealogy\genealogy_pipeline\data\working\Screenshot 2026-05-29 223851.png,printed_document,"The image appears to be a handwritten signature and a single line of text, fitting the description of a single-entity form."
printed_document,J:\Genealogy\genealogy_pipeline\data\working\Screenshot 2026-05-30 113808.png,printed_document,The image consists of typed prose forming a letter or article without a repeating tabular structure.
printed_document,J:\Genealogy\genealogy_pipeline\data\working\Screenshot 2026-05-30 124619.png,printed_document,"The image consists of typed prose forming an article or text, fitting the definition of a printed document."
printed_document,J:\Genealogy\genealogy_pipeline\data\working\Screenshot 2026-05-30 134827.png,printed_document,The image appears to be a single document with handwritten annotations rather than a repeating tabular structure.
printed_document,J:\Genealogy\genealogy_pipeline\data\working\Screenshot 2026-05-30 135114.png,printed_document,"The image contains handwritten script on what appears to be a printed document structure, suggesting a single-entity form rather than repeated tabular data."
printed_document,J:\Genealogy\genealogy_pipeline\data\working\Screenshot 2026-05-30 160242.png,printed_document,"The image displays a list of chronological events with associated dates and locations, fitting the structure of a printed document record."
printed_document,J:\Genealogy\genealogy_pipeline\data\working\Screenshot 2026-05-30 160308.png,printed_document,The image displays a list of historical records with single-entity facts rather than repeated tabular data.
printed_document,J:\Genealogy\genealogy_pipeline\data\working\Screenshot 2026-05-30 161351.png,printed_document,"The image displays biographical facts about an individual in a list format, which constitutes a single-entity form with labeled fields."
printed_document,J:\Genealogy\genealogy_pipeline\data\working\Screenshot 2026-05-30 162612.png,printed_document,"The image displays a title and a short text snippet, fitting the description of printed prose."
printed_document,J:\Genealogy\genealogy_pipeline\data\working\Screenshot 2026-05-30 203924.png,printed_document,"The image consists of typed prose without a tabular structure or repeating rows, fitting the definition of printed text."
printed_document,J:\Genealogy\genealogy_pipeline\data\working\Screenshot 2026-05-30 211435.png,printed_document,"The image displays a profile page with biographical information, which is a single-entity form with labeled fields, not a repeating tabular structure."
printed_document,J:\Genealogy\genealogy_pipeline\data\working\Screenshot 2026-05-30 214224.png,printed_document,"The image contains simple, typed text without a tabular structure or complex layout."
printed_document,J:\Genealogy\genealogy_pipeline\data\working\Screenshot 2026-05-31 005933.png,printed_document,"The image displays a book cover and associated product information, which constitutes printed prose and single-entity product presentation."
printed_document,J:\Genealogy\genealogy_pipeline\data\working\Screenshot 2026-05-31 010525.png,printed_document,"The image displays a book cover, which is a form of printed prose, and does not contain repetitive tabular data."
printed_document,J:\Genealogy\genealogy_pipeline\data\working\Screenshot 2026-05-31 104831.png,printed_document,"The image contains conversational text and interface elements, fitting the description of printed prose or a digital document interaction."
printed_document,J:\Genealogy\genealogy_pipeline\data\working\Screenshot 2026-05-31 104845.png,printed_document,The image contains substantial text in a letter format without a repeating tabular structure.
printed_document,J:\Genealogy\genealogy_pipeline\data\working\Screenshot 2026-05-31 105350.png,printed_document,"The image contains substantial prose text without a repeating tabular structure, fitting the description of a printed document."
printed_document,J:\Genealogy\genealogy_pipeline\data\working\Screenshot 2026-05-31 110904.png,printed_document,"The image contains conversational text and interface elements, fitting the description of printed prose or a message exchange."
printed_document,J:\Genealogy\genealogy_pipeline\data\working\Screenshot 2026-05-31 111009.png,printed_document,"The image contains typed prose in a message format, fitting the description of printed text without a tabular structure."
printed_document,J:\Genealogy\genealogy_pipeline\data\working\Screenshot 2026-05-31 133016.png,printed_document,"The image appears to be a printed document with handwritten annotations, not a repetitive tabular form."
printed_document,J:\Genealogy\genealogy_pipeline\data\working\Screenshot 2026-05-31 134200.png,printed_document,"The image displays continuous printed prose from a dictionary or article, fitting the description of printed text."
printed_document,J:\Genealogy\genealogy_pipeline\data\working\Screenshot 2026-05-31 155657.png,printed_document,The image appears to be a single printed document with labeled fields rather than repeating tabular data.
printed_document,J:\Genealogy\genealogy_pipeline\data\working\Screenshot 2026-05-31 160640.png,printed_document,The image consists of continuous typed prose without a repeating tabular structure or form layout.
printed_document,J:\Genealogy\genealogy_pipeline\data\working\Screenshot 2026-05-31 183710.png,printed_document,The document consists of typed prose providing demographic and location information without a repeating tabular structure.
printed_document,J:\Genealogy\genealogy_pipeline\data\working\Screenshot 2026-05-31 204447.png,printed_document,"This document presents a handful of facts about one person using a labeled field structure, fitting the printed_document definition."
printed_document,J:\Genealogy\genealogy_pipeline\data\working\Screenshot 2026-05-31 230301.png,printed_document,"The image consists of typed prose forming a public notice, which fits the definition of a printed document."
printed_document,J:\Genealogy\genealogy_pipeline\data\working\Screenshot 2026-05-31 230642.png,printed_document,The image consists of typed prose in a letter format without repeating tabular data structures.
printed_document,J:\Genealogy\genealogy_pipeline\data\working\Screenshot 2026-06-01 000051.png,printed_document,"The image appears to be a printed document with visible text and an illustration, not a repeating tabular structure."
printed_document,J:\Genealogy\genealogy_pipeline\data\working\Screenshot 2026-06-01 002105.png,printed_document,"The image displays a single entity's record with a handful of labeled fields, fitting the definition of a printed document."
printed_document,J:\Genealogy\genealogy_pipeline\data\working\Screenshot 2026-06-01 004715.png,printed_document,The image displays text and decorative elements typical of a single-entity form rather than repeated tabular data.
printed_document,J:\Genealogy\genealogy_pipeline\data\working\Screenshot 2026-06-01 010023.png,printed_document,"The image contains printed text and decorative elements, fitting the description of a single-entity form rather than repeated tabular data."
printed_document,J:\Genealogy\genealogy_pipeline\data\working\Screenshot 2026-06-01 072723.png,printed_document,"The image contains substantial prose text without a repeating tabular structure, fitting the description of a printed document."
printed_document,J:\Genealogy\genealogy_pipeline\data\working\Screenshot 2026-06-01 195441.png,printed_document,"The image contains typed prose without a repeating tabular structure, fitting the description of a printed document."
printed_document,J:\Genealogy\genealogy_pipeline\data\working\Screenshot 2026-06-01 195655.png,printed_document,The image contains continuous prose typical of a printed document rather than a repeating tabular structure or a chart.
printed_document,J:\Genealogy\genealogy_pipeline\data\working\Screenshot 2026-06-01 195919.png,printed_document,"The image consists of continuous prose, characteristic of a printed document, rather than a repeating tabular structure."
printed_document,J:\Genealogy\genealogy_pipeline\data\working\Screenshot 2026-06-01 200401.png,printed_document,"The image consists of typed prose from a chapter excerpt, fitting the description of printed text."
printed_document,J:\Genealogy\genealogy_pipeline\data\working\Screenshot 2026-06-01 233757.png,printed_document,The image consists of typed prose without a repeating tabular structure or complex layout.
printed_document,J:\Genealogy\genealogy_pipeline\data\working\Screenshot 2026-06-01 234149.png,printed_document,The image appears to be a handwritten document with a few distinct entries rather than a repetitive tabular structure.
printed_document,J:\Genealogy\genealogy_pipeline\data\working\Screenshot 2026-06-02 075002.png,printed_document,"The image displays a user interface with menu options and project listings, which is a form of printed text layout."
printed_document,J:\Genealogy\genealogy_pipeline\data\working\Screenshot 2026-06-03 072224.png,printed_document,"The image contains typed prose in the form of a letter, which fits the definition of a printed document."
printed_document,J:\Genealogy\genealogy_pipeline\data\working\Screenshot 2026-06-03 072429.png,printed_document,"The image contains meeting invitation text and structured event details, fitting the description of typed prose."
printed_document,J:\Genealogy\genealogy_pipeline\data\working\Screenshot 2026-06-03 072555.png,printed_document,"The image consists of a standard email format with a sender and recipient list, which is classified as printed text."
printed_document,J:\Genealogy\genealogy_pipeline\data\working\Screenshot 2026-06-03 222627.png,printed_document,"The image contains typed prose without a repeating tabular structure, fitting the definition of a printed document."
printed_document,J:\Genealogy\genealogy_pipeline\data\working\Screenshot 2026-06-03 233529.png,printed_document,"The image displays a title and a file reference, suggesting a single document or record rather than repeated tabular data."
printed_document,J:\Genealogy\genealogy_pipeline\data\working\Screenshot 2026-06-04 201407.png,printed_document,"The image consists primarily of search results text, which is classified as printed prose."
printed_document,J:\Genealogy\genealogy_pipeline\data\working\Screenshot 2026-06-04 211205.png,printed_document,"The image displays a standard web page error message, which is a form of typed prose without a repeating tabular structure."
printed_document,J:\Genealogy\genealogy_pipeline\data\working\Screenshot 2026-06-04 221235.png,printed_document,"The image consists of typed prose in the form of an email or letter, fitting the description of printed prose."
printed_document,J:\Genealogy\genealogy_pipeline\data\working\Screenshot 2026-06-04 232419.png,printed_document,"The image displays a document title and reference information, consistent with a typed or printed document."
printed_document,J:\Genealogy\genealogy_pipeline\data\working\Screenshot 2026-06-05 073619.png,printed_document,"The image displays structured text listings for resources, which is characteristic of printed document information."
printed_document,J:\Genealogy\genealogy_pipeline\data\working\Screenshot 2026-06-05 074230.png,printed_document,"The image displays a webpage with navigation and text, fitting the description of printed prose."
printed_document,J:\Genealogy\genealogy_pipeline\data\working\Screenshot 2026-06-05 074314.png,printed_document,"The image contains prose text without a repeating tabular structure, classifying it as printed prose."
printed_document,J:\Genealogy\genealogy_pipeline\data\working\Screenshot 2026-06-05 074415.png,printed_document,"The image displays typed text and navigation elements typical of a webpage, fitting the description of printed prose."
printed_document,J:\Genealogy\genealogy_pipeline\data\working\Screenshot 2026-06-05 191229.png,printed_document,"The text presents a single set of facts about an individual, fitting the description of a printed document."
printed_document,J:\Genealogy\genealogy_pipeline\data\working\Screenshot 2026-06-05 192845.png,printed_document,"The input is a snippet of prose text, fitting the description of printed document content."
printed_document,J:\Genealogy\genealogy_pipeline\data\working\Screenshot 2026-06-05 205455.png,printed_document,"The image contains typed text and simple navigational elements, fitting the description of printed prose."
printed_document,J:\Genealogy\genealogy_pipeline\data\working\Screenshot 2026-06-05 214307.png,printed_document,"The image consists of a title and a bulleted list of topics, which is structured prose."
printed_document,J:\Genealogy\genealogy_pipeline\data\working\Screenshot 2026-06-05 221555.png,printed_document,"The image contains a title and search result text, which constitutes printed prose without a repeating tabular structure."
printed_document,J:\Genealogy\genealogy_pipeline\data\working\Screenshot 2026-06-05 225034.png,printed_document,"The image consists of typed prose discussing archival procedures, fitting the description of printed text."
printed_document,J:\Genealogy\genealogy_pipeline\data\working\Screenshot 2026-06-06 154601.png,printed_document,"The image contains a single name and year, fitting the description of a single-entity form with a handful of facts."
printed_document,J:\Genealogy\genealogy_pipeline\data\working\Screenshot 2026-06-06 162518.png,printed_document,"The image displays a simple text-based result summary, fitting the description of printed prose."
printed_document,J:\Genealogy\genealogy_pipeline\data\working\Screenshot 2026-06-06 182157.png,printed_document,"The image displays biographical information about a single entity in a non-tabular, printed format."
printed_document,J:\Genealogy\genealogy_pipeline\data\working\Screenshot 2026-06-06 182307.png,printed_document,"The image displays a single record with a handful of labeled fields, characteristic of a single-entity form."
printed_document,J:\Genealogy\genealogy_pipeline\data\working\Screenshot 2026-06-06 182434.png,printed_document,"The image displays structured archival metadata and publication information, fitting the description of printed text."
printed_document,J:\Genealogy\genealogy_pipeline\data\working\Screenshot 2026-06-06 184617.png,printed_document,The image displays biographical information structured as a single-entity record rather than repeated tabular data.
printed_document,J:\Genealogy\genealogy_pipeline\data\working\Screenshot 2026-06-06 184743.png,printed_document,"The document presents biographical information about a single individual using labeled fields, fitting the definition of a single-entity form."
printed_document,J:\Genealogy\genealogy_pipeline\data\working\Screenshot 2026-06-06 213106.png,printed_document,"The image contains typed prose answering a query, fitting the description of printed text."
printed_document,J:\Genealogy\genealogy_pipeline\data\working\Screenshot 2026-06-06 214224.png,printed_document,The image consists of typed prose describing a historical site and context.
printed_document,J:\Genealogy\genealogy_pipeline\data\working\Screenshot 2026-06-06 214651.png,printed_document,The image consists of typed prose forming an informational text without a repeating tabular structure.
printed_document,J:\Genealogy\genealogy_pipeline\data\working\Screenshot 2026-06-06 214859.png,printed_document,The image consists of typed prose forming a letter or informational text without a repeating tabular structure.
printed_document,J:\Genealogy\genealogy_pipeline\data\working\Screenshot 2026-06-06 215501.png,printed_document,"The image consists of typed prose explaining a workflow, fitting the description of printed text."
printed_document,J:\Genealogy\genealogy_pipeline\data\working\Screenshot 2026-06-06 222935.png,printed_document,"The image consists of typed prose instructions, fitting the description of a printed document."
printed_document,J:\Genealogy\genealogy_pipeline\data\working\Screenshot 2026-06-06 223139.png,printed_document,"The image consists primarily of typed prose and menu items, fitting the description of printed text."
printed_document,J:\Genealogy\genealogy_pipeline\data\working\Screenshot 2026-06-07 162328.png,printed_document,The image consists primarily of printed text forming an article or publication entry.
printed_document,J:\Genealogy\genealogy_pipeline\data\working\Screenshot 2026-06-07 172859.png,printed_document,"The image displays a single record with a handful of labeled facts about one person, fitting the printed_document definition."
printed_document,J:\Genealogy\genealogy_pipeline\data\working\Screenshot 2026-06-07 172914.png,printed_document,"The document presents citation and source information in a structured, non-tabular format typical of a reference entry."
printed_document,J:\Genealogy\genealogy_pipeline\data\working\Screenshot 2026-06-07 172936.png,printed_document,"The document presents a handful of facts about one person using labeled fields, fitting the description of a single-entity form."
printed_document,J:\Genealogy\genealogy_pipeline\data\working\Screenshot 2026-06-07 180108.png,printed_document,"The image contains a short, non-tabular text entry, fitting the description of a single-entity form or printed prose."
printed_document,J:\Genealogy\genealogy_pipeline\data\working\Screenshot 2026-06-07 181418.png,printed_document,The image consists of typed prose without a tabular structure or repeating rows.
printed_document,J:\Genealogy\genealogy_pipeline\data\working\Screenshot 2026-06-07 183711.png,printed_document,"The image consists entirely of typed prose, fitting the description of a printed document."
printed_document,J:\Genealogy\genealogy_pipeline\data\working\Screenshot 2026-06-07 185424.png,printed_document,"The image consists of typed prose detailing library access and loan procedures, fitting the description of printed text."
printed_document,J:\Genealogy\genealogy_pipeline\data\working\Screenshot 2026-06-07 185459.png,printed_document,The image consists of typed prose providing information about an archive location and services.
printed_document,J:\Genealogy\genealogy_pipeline\data\working\Screenshot 2026-06-07 190255.png,printed_document,"The image contains prose text without a repeating tabular structure, fitting the description of a printed document."
printed_document,J:\Genealogy\genealogy_pipeline\data\working\Screenshot 2026-06-07 212123.png,printed_document,The image contains a list of dates which does not exhibit the repetitive row structure characteristic of dense tabular data.
printed_document,J:\Genealogy\genealogy_pipeline\data\working\Screenshot 2026-06-07 212909.png,printed_document,The image contains typed prose which fits the description of a printed document without a repeating tabular structure.
printed_document,J:\Genealogy\genealogy_pipeline\data\working\Screenshot 2026-06-07 215125.png,printed_document,This document presents a handful of facts about one entity rather than repeating the same structure for many people.
printed_document,J:\Genealogy\genealogy_pipeline\data\working\Screenshot 2026-06-07 234337.png,printed_document,The image is a photograph of a building and does not contain repetitive tabular data or significant text.
printed_document,J:\Genealogy\genealogy_pipeline\data\working\Screenshot 2026-06-08 011742.png,printed_document,"The image contains typed prose structured as a simple biographical text, fitting the definition of printed prose."
printed_document,J:\Genealogy\genealogy_pipeline\data\working\Screenshot 2026-06-08 081950.png,printed_document,"The image consists of typed prose, characteristic of a letter or article, without a repeating tabular structure."
printed_document,J:\Genealogy\genealogy_pipeline\data\working\Screenshot 2026-06-08 090711.png,printed_document,"This document is a single-entity form with a handful of one-time labeled fields, characteristic of a printed record."
printed_document,J:\Genealogy\genealogy_pipeline\data\working\Screenshot 2026-06-08 092656.png,printed_document,"The image is a book cover with accompanying text, fitting the description of printed prose."
printed_document,J:\Genealogy\genealogy_pipeline\data\working\Screenshot 2026-06-08 142406.png,printed_document,"The image consists of continuous typed prose, fitting the description of printed text."
printed_document,J:\Genealogy\genealogy_pipeline\data\working\Screenshot 2026-06-08 164921.png,printed_document,"The image consists of typed prose forming a narrative, which fits the definition of a printed document."
printed_document,J:\Genealogy\genealogy_pipeline\data\working\Screenshot 2026-06-08 165132.png,printed_document,"The image consists of typed prose forming a letter, which fits the definition of a printed document."
printed_document,J:\Genealogy\genealogy_pipeline\data\working\Screenshot 2026-06-08 210244.png,printed_document,"The image contains a single handwritten signature and text, fitting the description of a single-entity form or document."
printed_document,J:\Genealogy\genealogy_pipeline\data\working\Screenshot 2026-06-08 234008.png,printed_document,"The image contains a single dated entry, fitting the description of a single-entity form rather than repeated tabular data."
printed_document,J:\Genealogy\genealogy_pipeline\data\working\Screenshot 2026-06-09 123047.png,printed_document,The image displays a structured index or record reference rather than repeating tabular data or a complex chart.
printed_document,J:\Genealogy\genealogy_pipeline\data\working\Screenshot 2026-06-09 125644.png,printed_document,"The image displays a single entry with a name and birth information, fitting the description of a single-entity form."
printed_document,J:\Genealogy\genealogy_pipeline\data\working\Screenshot 2026-06-09 132846.png,printed_document,"The image displays a single record with a handful of labeled fields, characteristic of a single-entity form."
printed_document,J:\Genealogy\genealogy_pipeline\data\working\Screenshot 2026-06-09 134650.png,printed_document,"The document presents a handful of facts about a single entity using labeled fields, fitting the definition of a printed document."
printed_document,J:\Genealogy\genealogy_pipeline\data\working\Screenshot 2026-06-09 152112.png,printed_document,The image contains typed text that does not exhibit the repetitive structure of a tabular document.
printed_document,J:\Genealogy\genealogy_pipeline\data\working\Screenshot 2026-06-09 172153.png,printed_document,"The image contains printed text and a single statement, fitting the description of a printed document."
printed_document,J:\Genealogy\genealogy_pipeline\data\working\Screenshot 2026-06-09 174727.png,printed_document,The image contains substantial prose without a repeating tabular structure or a complex chart layout.
printed_document,J:\Genealogy\genealogy_pipeline\data\working\Screenshot 2026-06-09 184440.png,printed_document,"The image displays distinct, labeled sections suggesting a printed document structure rather than repeated tabular data."
printed_document,J:\Genealogy\genealogy_pipeline\data\working\Screenshot 2026-06-09 185044.png,printed_document,The image contains typed prose discussing document structure rather than a repeating tabular format or a single photograph.
printed_document,J:\Genealogy\genealogy_pipeline\data\working\Screenshot 2026-06-09 185300.png,printed_document,"The image contains typed prose, fitting the description of a printed document."
printed_document,J:\Genealogy\genealogy_pipeline\data\working\Screenshot 2026-06-09 190255.png,printed_document,"The image contains cursive handwriting that does not form a repetitive tabular structure, fitting the description of a single-entity form or document."
printed_document,J:\Genealogy\genealogy_pipeline\data\working\Screenshot 2026-06-09 191613.png,printed_document,"The image primarily consists of text and interface elements, fitting the description of typed prose or a single-entity form."
printed_document,J:\Genealogy\genealogy_pipeline\data\working\Screenshot 2026-06-09 200136.png,printed_document,The image consists of instructional text and does not fit the criteria for any other specific document type.
printed_document,J:\Genealogy\genealogy_pipeline\data\working\Screenshot 2026-06-09 204653.png,printed_document,"The image appears to be typed text without a repeating tabular structure, fitting the description of a printed document."
printed_document,J:\Genealogy\genealogy_pipeline\data\working\Screenshot 2026-06-09 205240.png,printed_document,The image contains cursive handwriting that does not exhibit the repetitive structure of a tabular document.
printed_document,J:\Genealogy\genealogy_pipeline\data\working\Screenshot 2026-06-09 225145.png,printed_document,The image contains typed prose and single-entity information rather than repeated tabular data.
printed_document,J:\Genealogy\genealogy_pipeline\data\working\Screenshot 2026-06-10 141136.png,printed_document,"The image contains typed prose, which classifies it as a printed document without a repeating tabular structure."
printed_document,J:\Genealogy\genealogy_pipeline\data\working\Screenshot 2026-06-10 155432.png,printed_document,"The image contains access information and descriptive text, fitting the definition of printed prose."
printed_document,J:\Genealogy\genealogy_pipeline\data\working\Screenshot 2026-06-10 162444.png,printed_document,"The input appears to be a textual reference or list entry, fitting the description of printed prose."
printed_document,J:\Genealogy\genealogy_pipeline\data\working\Screenshot 2026-06-10 175259.png,printed_document,"The image consists of typed prose, characteristic of a letter or document, without a repeating tabular structure."
printed_document,J:\Genealogy\genealogy_pipeline\data\working\Screenshot 2026-06-10 175503.png,printed_document,"The image consists of typed prose, characteristic of a letter or message, without a repeating tabular structure."
printed_document,J:\Genealogy\genealogy_pipeline\data\working\Screenshot 2026-06-10 183706.png,printed_document,"The image contains continuous prose describing historical locations and details, fitting the description of printed text."
printed_document,J:\Genealogy\genealogy_pipeline\data\working\Screenshot 2026-06-10 204239.png,printed_document,"The image consists of a typed email, which falls under the printed_document category."
printed_document,J:\Genealogy\genealogy_pipeline\data\working\Screenshot 2026-06-10 204644.png,printed_document,"The image is a typed letter, which falls under the printed_document category."
printed_document,J:\Genealogy\genealogy_pipeline\data\working\Screenshot 2026-06-11 120651.png,printed_document,"The image consists of typed prose and status updates, fitting the description of printed text without a repeating tabular structure."
printed_document,J:\Genealogy\genealogy_pipeline\data\working\Screenshot 2026-06-11 120807.png,printed_document,"The image contains typed text and delivery tracking information, fitting the description of a printed document."
printed_document,J:\Genealogy\genealogy_pipeline\data\working\Screenshot 2026-06-11 125709.png,printed_document,"The image consists of simple text entries with dates and progress updates, fitting the description of typed prose."
printed_document,J:\Genealogy\genealogy_pipeline\data\working\Screenshot 2026-06-11 152710.png,printed_document,"The image appears to be a single, dark document with minimal structure, fitting the description of a printed document."
printed_document,J:\Genealogy\genealogy_pipeline\data\working\Screenshot 2026-06-11 171323.png,printed_document,"The image consists of typed text formatted as a letter or correspondence, fitting the description of printed prose."
printed_document,J:\Genealogy\genealogy_pipeline\data\working\Screenshot 2026-06-11 181316.png,printed_document,"The image contains typed prose structured as a list of questions, fitting the description of printed text without a tabular or chart layout."
printed_document,J:\Genealogy\genealogy_pipeline\data\working\Screenshot 2026-06-11 181752.png,printed_document,"The document is a printed form with a handful of labeled fields, not repeating rows of data."
printed_document,J:\Genealogy\genealogy_pipeline\data\working\Screenshot 2026-06-11 182304.png,printed_document,"The image contains typed prose without a repeating tabular structure, fitting the definition of a printed document."
printed_document,J:\Genealogy\genealogy_pipeline\data\working\Screenshot 2026-06-11 192111.png,printed_document,"The image consists of typed prose, fitting the description of printed text without a tabular or chart structure."
printed_document,J:\Genealogy\genealogy_pipeline\data\working\Screenshot 2026-06-11 194121.png,printed_document,The image appears to be a single-entity form with labeled fields rather than repeated rows of data.
printed_document,J:\Genealogy\genealogy_pipeline\data\working\Screenshot 2026-06-11 194319.png,printed_document,This document appears to be a single-entity form with labeled fields rather than repeating rows of data.
printed_document,J:\Genealogy\genealogy_pipeline\data\working\Screenshot 2026-06-11 194341.png,printed_document,The document is a single-entity form with labeled fields rather than repeating rows of data.
printed_document,J:\Genealogy\genealogy_pipeline\data\working\Screenshot 2026-06-11 194402.png,printed_document,The document appears to be a single-entity form with labeled fields rather than repeating rows of data.
printed_document,J:\Genealogy\genealogy_pipeline\data\working\Screenshot 2026-06-12 015729.png,printed_document,The image consists primarily of typed prose resembling a social media post or article.
printed_document,J:\Genealogy\genealogy_pipeline\data\working\Screenshot 2026-06-12 025024.png,printed_document,"The image displays a single, continuous line of printed text, characteristic of a document rather than a repeating tabular structure."
printed_document,J:\Genealogy\genealogy_pipeline\data\working\Screenshot 2026-06-12 025915.png,printed_document,"The document displays a simple two-column layout with a handful of one-time labeled fields, fitting the printed_document criteria."
printed_document,J:\Genealogy\genealogy_pipeline\data\working\Screenshot 2026-06-12 144805.png,printed_document,"The image contains typed prose and instructions, fitting the description of a printed document."
printed_document,J:\Genealogy\genealogy_pipeline\data\working\Screenshot 2026-06-12 155630.png,printed_document,The document consists of a handful of labeled fields rather than repeating rows of data.
printed_document,J:\Genealogy\genealogy_pipeline\data\working\Screenshot 2026-06-12 155437.png,printed_document,"The document consists of typed inspection forms with a handful of labeled fields, not repeated rows of data."
printed_document,J:\Genealogy\genealogy_pipeline\data\working\Screenshot 2026-06-12 155358.png,printed_document,"The document is a single-entity form with a handful of labeled fields, not repeating rows for many different people."
printed_document,J:\Genealogy\genealogy_pipeline\data\working\Screenshot 2026-06-12 155840.png,printed_document,The document consists of typed prose and informational sections rather than repeating tabular data.
printed_document,J:\Genealogy\genealogy_pipeline\data\working\Screenshot 2026-06-12 193839.png,printed_document,"The image contains typed prose, characteristic of a letter or document, without a repeating tabular structure."
printed_document,J:\Genealogy\genealogy_pipeline\data\working\Screenshot 2026-06-12 223757.png,printed_document,"The image contains printed text and a signature, fitting the description of a single-entity form or document."
printed_document,J:\Genealogy\genealogy_pipeline\data\working\Screenshot 2026-06-12 231731.png,printed_document,The image contains typed text that appears to be prose rather than a repeating tabular structure or a complex chart.
printed_document,J:\Genealogy\genealogy_pipeline\data\working\Screenshot 2026-06-13 083338.png,printed_document,The document presents a handful of facts about two distinct entities rather than repeating the same structure many times.
printed_document,J:\Genealogy\genealogy_pipeline\data\working\Screenshot 2026-06-13 122333.png,printed_document,"This image contains several distinct, single-entity records structured like certificates or index entries, not repeated tabular data."
printed_document,J:\Genealogy\genealogy_pipeline\data\working\Screenshot 2026-06-13 150047.png,printed_document,"This is a single-entity form with a handful of labeled fields, fitting the description of a printed document."
printed_document,J:\Genealogy\genealogy_pipeline\data\working\Screenshot 2026-06-13 151841.png,printed_document,This document presents a handful of labeled fields for a single entity rather than repeating rows of data.
printed_document,J:\Genealogy\genealogy_pipeline\data\working\Screenshot 2026-06-13 153924.png,printed_document,"This document presents a handful of facts about one entity using a simple labeled structure, fitting the printed_document definition."
printed_document,J:\Genealogy\genealogy_pipeline\data\working\Screenshot 2026-06-13 155340.png,printed_document,"The image displays structured biographical information for a single entity, fitting the description of a single-entity form."
printed_document,J:\Genealogy\genealogy_pipeline\data\working\Screenshot 2026-06-13 160022.png,printed_document,"This image is a single-entity form, characteristic of a marriage certificate, with a handful of one-time labeled fields."
printed_document,J:\Genealogy\genealogy_pipeline\data\working\Screenshot 2026-06-13 165507.png,printed_document,The image displays biographical information about an individual in a standard text format without repeating tabular data.
printed_document,J:\Genealogy\genealogy_pipeline\data\working\Screenshot 2026-06-13 174541.png,printed_document,"The document presents a handful of facts about one person once, fitting the definition of a single-entity form."
printed_document,J:\Genealogy\genealogy_pipeline\data\working\Screenshot 2026-06-13 181044.png,printed_document,"The image displays a single name entry, which fits the description of a single-entity form rather than repeated tabular data."
printed_document,J:\Genealogy\genealogy_pipeline\data\working\Screenshot 2026-06-13 182611.png,printed_document,"The image displays a single-entity form with a handful of labeled fields, characteristic of a printed document."
printed_document,J:\Genealogy\genealogy_pipeline\data\working\Screenshot 2026-06-13 194211.png,printed_document,"The image displays biographical data and relationship links in a structured, non-tabular format typical of a profile page."
printed_document,J:\Genealogy\genealogy_pipeline\data\working\Screenshot 2026-06-14 155606.png,printed_document,"The document displays system event log information, which is a form of typed prose without a repeating tabular structure."
printed_document,J:\Genealogy\genealogy_pipeline\data\working\Screenshot 2026-06-14 165513.png,printed_document,"The image contains typed text that appears to be a formal listing or address, fitting the description of a single-entity form."
printed_document,J:\Genealogy\genealogy_pipeline\data\working\Screenshot 2026-06-15 191813.png,printed_document,The image contains typed prose without a repeating tabular structure or a complex chart layout.
printed_document,J:\Genealogy\genealogy_pipeline\data\working\Screenshot 2026-06-15 191846.png,printed_document,"The image consists of typed prose, fitting the description of a printed document."
printed_document,J:\Genealogy\genealogy_pipeline\data\working\Screenshot 2026-06-15 213830.png,printed_document,"This is a single-entity form with a handful of labeled fields, fitting the definition of a printed document rather than a repeating tabular manifest."
printed_document,J:\Genealogy\genealogy_pipeline\data\working\Screenshot 2026-06-16 081627.png,printed_document,The image consists of typed prose in a letter format without a repeating tabular structure.
printed_document,J:\Genealogy\genealogy_pipeline\data\working\Screenshot 2026-06-16 082011.png,printed_document,The image consists of social media comments which are examples of typed prose rather than structured data or charts.
printed_document,J:\Genealogy\genealogy_pipeline\data\working\Screenshot 2026-06-16 082332.png,printed_document,"The image consists of a forum or social media post with substantial prose and user interactions, fitting the description of printed text."
printed_document,J:\Genealogy\genealogy_pipeline\data\working\Screenshot 2026-06-16 082405.png,printed_document,"The image consists of a series of text-based comments, which constitutes printed prose."
printed_document,J:\Genealogy\genealogy_pipeline\data\working\Screenshot 2026-06-16 181908.png,printed_document,"The image presents a handful of facts about one person using a simple labeled structure, fitting the definition of a single-entity form."
printed_document,J:\Genealogy\genealogy_pipeline\data\working\Screenshot 2026-06-16 202903.png,printed_document,The image contains typed prose in a letter format without a repeating tabular structure.
printed_document,J:\Genealogy\genealogy_pipeline\data\working\Screenshot 2026-06-16 215126.png,printed_document,"The image contains promotional text and product details, fitting the description of printed prose or a single-entity form."
printed_document,J:\Genealogy\genealogy_pipeline\data\working\Screenshot 2026-06-17 003220.png,printed_document,"The image consists of typed prose, fitting the description of a printed document."
printed_document,J:\Genealogy\genealogy_pipeline\data\working\Screenshot 2026-06-17 004932.png,printed_document,"The image consists entirely of cited sources and references, which constitutes typed prose."
printed_document,J:\Genealogy\genealogy_pipeline\data\working\Screenshot 2026-06-17 005334.png,printed_document,"The image displays biographical information in a list format, which is characteristic of a single-entity record rather than repeated tabular data."
printed_document,J:\Genealogy\genealogy_pipeline\data\working\Screenshot 2026-06-17 010419.png,printed_document,The document presents a handful of facts about one entity rather than repeating the same structure for many different people.
printed_document,J:\Genealogy\genealogy_pipeline\data\working\Screenshot 2026-06-17 012811.png,printed_document,"The document presents a handful of facts about one person once, fitting the definition of a single-entity form."
printed_document,J:\Genealogy\genealogy_pipeline\data\working\Screenshot 2026-06-17 192319.png,printed_document,"The image displays structured access options and volume listings, which is characteristic of printed text rather than repetitive tabular data."
printed_document,J:\Genealogy\genealogy_pipeline\data\working\Screenshot 2026-06-17 205948.png,printed_document,"The image contains typed prose resembling a comment or post, fitting the description of printed text."
printed_document,J:\Genealogy\genealogy_pipeline\data\working\Screenshot 2026-06-17 214715.png,printed_document,"The image contains typed prose, fitting the description of a printed document without a tabular structure."
printed_document,J:\Genealogy\genealogy_pipeline\data\working\Screenshot 2026-06-17 221457.png,printed_document,"The image displays a book cover, which is a form of printed prose without a repeating tabular structure."
printed_document,J:\Genealogy\genealogy_pipeline\data\working\Screenshot 2026-06-17 225952.png,printed_document,"The image contains typed prose resembling a social media comment, fitting the description of printed text."
printed_document,J:\Genealogy\genealogy_pipeline\data\working\Screenshot 2026-06-17 231615.png,printed_document,"The image consists of typed prose, which fits the definition of a printed document."
printed_document,J:\Genealogy\genealogy_pipeline\data\working\Screenshot 2026-06-18 202229.png,printed_document,"This is a single-entity form with a handful of labeled fields, characteristic of a printed document."
printed_document,J:\Genealogy\genealogy_pipeline\data\working\Screenshot 2026-06-19 232305.png,printed_document,"The image displays a single record with a handful of labeled fields, characteristic of a single-entity form."
printed_document,J:\Genealogy\genealogy_pipeline\data\working\Screenshot 2026-06-20 003649.png,printed_document,"This document presents a single-entity record with a handful of labeled fields, characteristic of a printed certificate."
printed_document,J:\Genealogy\genealogy_pipeline\data\working\Screenshot 2026-06-20 021544.png,printed_document,"The image displays technical documentation and schema definitions, which falls under printed text."
portrait_photo,J:\Genealogy\genealogy_pipeline\data\working\Screenshot 2026-05-06 082202.png,portrait_photo,The image primarily consists of a single photograph of an individual with minimal accompanying text.
portrait_photo,J:\Genealogy\genealogy_pipeline\data\working\Screenshot 2026-05-05 072021.png,portrait_photo,The image primarily consists of a single photograph of an individual with minimal accompanying text.
portrait_photo,J:\Genealogy\genealogy_pipeline\data\working\Screenshot 2026-05-08 203702.png,portrait_photo,The image primarily consists of a single portrait photograph of an individual.
portrait_photo,J:\Genealogy\genealogy_pipeline\data\working\Screenshot 2026-05-10 211115.png,portrait_photo,The image primarily depicts a single portrait photograph of an older woman with minimal accompanying text.
portrait_photo,J:\Genealogy\genealogy_pipeline\data\working\Screenshot 2026-05-13 234755.png,portrait_photo,The image primarily consists of individual portrait photographs with minimal accompanying text.
portrait_photo,J:\Genealogy\genealogy_pipeline\data\working\Screenshot 2026-05-26 230320.png,portrait_photo,"The image is a single photograph primarily depicting people, fitting the definition of a portrait photo."
portrait_photo,J:\Genealogy\genealogy_pipeline\data\working\Screenshot 2026-05-30 125212.png,portrait_photo,"The image primarily depicts a group of people in a photograph, fitting the definition of a portrait photo."
portrait_photo,J:\Genealogy\genealogy_pipeline\data\working\Screenshot 2026-05-31 205116.png,portrait_photo,The image primarily consists of a single photograph of an individual with minimal accompanying text.
portrait_photo,J:\Genealogy\genealogy_pipeline\data\working\Screenshot 2026-06-01 010533.png,portrait_photo,The image is a single photograph primarily depicting a person with negligible accompanying text.
portrait_photo,J:\Genealogy\genealogy_pipeline\data\working\Screenshot 2026-06-05 214649.png,portrait_photo,"The image primarily depicts a group of people in a photograph, fitting the description of a portrait photo."
portrait_photo,J:\Genealogy\genealogy_pipeline\data\working\Screenshot 2026-06-07 003536.png,portrait_photo,"The image is a photograph primarily depicting a structure and landscape, not a person or structured data."
portrait_photo,J:\Genealogy\genealogy_pipeline\data\working\Screenshot 2026-06-07 221803.png,portrait_photo,"The image is a single photograph primarily depicting a building, fitting the portrait_photo category."
portrait_photo,J:\Genealogy\genealogy_pipeline\data\working\Screenshot 2026-06-07 234318.png,portrait_photo,The image is a photograph primarily depicting a building structure rather than a person or structured data.
portrait_photo,J:\Genealogy\genealogy_pipeline\data\working\Screenshot 2026-06-08 091427.png,portrait_photo,The image primarily depicts a single portrait of an individual with negligible accompanying text.
portrait_photo,J:\Genealogy\genealogy_pipeline\data\working\Screenshot 2026-06-08 203138.png,portrait_photo,The image primarily consists of a single photograph depicting a person.
portrait_photo,J:\Genealogy\genealogy_pipeline\data\working\Screenshot 2026-06-09 131004.png,portrait_photo,The image is a single photograph primarily depicting a group of people.
portrait_photo,J:\Genealogy\genealogy_pipeline\data\working\Screenshot 2026-06-09 220103.png,portrait_photo,"The image consists entirely of a grid of white circles on a black background, resembling a pattern rather than a depiction of people or a chart."
portrait_photo,J:\Genealogy\genealogy_pipeline\data\working\Screenshot 2026-06-17 234935.png,portrait_photo,The image is a single photograph primarily depicting a group of people.
portrait_photo,J:\Genealogy\genealogy_pipeline\data\working\Screenshot 2026-06-18 200651.png,portrait_photo,The image is primarily a photograph of a residential building and surrounding landscape.
portrait_photo,J:\Genealogy\genealogy_pipeline\data\working\Screenshot 2026-06-19 233335.png,portrait_photo,The image primarily consists of a single photograph of a cabin with minimal accompanying text.
map_land_record,J:\Genealogy\genealogy_pipeline\data\working\Screenshot 2026-05-26 201901.png,map_land_record,The image displays a geographic location marker and a stylized map layout.
map_land_record,J:\Genealogy\genealogy_pipeline\data\working\Screenshot 2026-05-26 235231.png,map_land_record,"The image displays a geographic layout with a location marker, fitting the map_land_record category."
map_land_record,J:\Genealogy\genealogy_pipeline\data\working\Screenshot 2026-05-27 003824.png,map_land_record,The image displays a geographic layout with visible lines and terrain features characteristic of a map.
map_land_record,J:\Genealogy\genealogy_pipeline\data\working\Screenshot 2026-05-28 035244.png,map_land_record,The image displays an aerial or satellite view of a geographic area with roads and property lines.
map_land_record,J:\Genealogy\genealogy_pipeline\data\working\Screenshot 2026-05-28 074138.png,map_land_record,The image is a historical map showing geographic features and boundaries.
map_land_record,J:\Genealogy\genealogy_pipeline\data\working\Screenshot 2026-05-28 205938.png,map_land_record,"The image primarily displays a geographic view of land and terrain, fitting the map_land_record category."
map_land_record,J:\Genealogy\genealogy_pipeline\data\working\Screenshot 2026-06-02 182023.png,map_land_record,"The image displays a geographic layout with colored areas and intersecting lines, characteristic of a map or land record."
map_land_record,J:\Genealogy\genealogy_pipeline\data\working\Screenshot 2026-06-02 182815.png,map_land_record,"The image contains geographic coordinates and a reference to a map, classifying it as a map or land record."
map_land_record,J:\Genealogy\genealogy_pipeline\data\working\Screenshot 2026-06-02 182939.png,map_land_record,"The text explicitly provides geographic coordinates and refers to a map, classifying it as a map record."
map_land_record,J:\Genealogy\genealogy_pipeline\data\working\Screenshot 2026-06-02 183045.png,map_land_record,"The text explicitly provides site coordinates and refers to a map, indicating a geographic layout."
map_land_record,J:\Genealogy\genealogy_pipeline\data\working\Screenshot 2026-06-02 183321.png,map_land_record,"The image contains geographic coordinates and a reference to a map, classifying it as a map or land record."
map_land_record,J:\Genealogy\genealogy_pipeline\data\working\Screenshot 2026-06-02 183600.png,map_land_record,"The text explicitly refers to site coordinates and a map symbol, indicating a geographic layout."
map_land_record,J:\Genealogy\genealogy_pipeline\data\working\Screenshot 2026-06-02 183812.png,map_land_record,"The text explicitly provides geographic coordinates and refers to a map symbol, indicating a map-related record."
map_land_record,J:\Genealogy\genealogy_pipeline\data\working\Screenshot 2026-06-02 184007.png,map_land_record,"The text explicitly provides geographic coordinates and refers to a symbol on a map, indicating a map record."
map_land_record,J:\Genealogy\genealogy_pipeline\data\working\Screenshot 2026-06-02 184256.png,map_land_record,"The image contains geographic coordinates and a reference to a map, classifying it as a map or land record."
map_land_record,J:\Genealogy\genealogy_pipeline\data\working\Screenshot 2026-06-02 190722.png,map_land_record,"The text explicitly provides geographic coordinates and refers to a map symbol, indicating a map-like record."
map_land_record,J:\Genealogy\genealogy_pipeline\data\working\Screenshot 2026-06-04 202205.png,map_land_record,"The image displays a map with geographic features, route markers, and legend elements."
map_land_record,J:\Genealogy\genealogy_pipeline\data\working\Screenshot 2026-06-07 003003.png,map_land_record,The image is an aerial or satellite view showing geographic features like water and cultivated land.
map_land_record,J:\Genealogy\genealogy_pipeline\data\working\Screenshot 2026-06-07 003215.png,map_land_record,The image is an aerial or satellite view depicting geographical features and water bodies.
map_land_record,J:\Genealogy\genealogy_pipeline\data\working\Screenshot 2026-06-07 003734.png,map_land_record,"The image is an aerial or satellite view showing a geographical area, fitting the definition of a map or geographic layout."
map_land_record,J:\Genealogy\genealogy_pipeline\data\working\Screenshot 2026-06-07 004317.png,map_land_record,The image is an aerial or satellite view showing geographic features and land divisions.
map_land_record,J:\Genealogy\genealogy_pipeline\data\working\Screenshot 2026-06-07 004712.png,map_land_record,The image is an aerial or satellite view showing geographic features and land.
map_land_record,J:\Genealogy\genealogy_pipeline\data\working\Screenshot 2026-06-07 005102.png,map_land_record,"The image is an aerial or satellite view showing geographic features, consistent with a map or land survey."
map_land_record,J:\Genealogy\genealogy_pipeline\data\working\Screenshot 2026-06-07 005117.png,map_land_record,The image is an aerial or satellite view showing geographic features and terrain.
map_land_record,J:\Genealogy\genealogy_pipeline\data\working\Screenshot 2026-06-07 015207.png,map_land_record,The image is an aerial or satellite view depicting geographic terrain and features.
map_land_record,J:\Genealogy\genealogy_pipeline\data\working\Screenshot 2026-06-07 020651.png,map_land_record,The image is an aerial or satellite view showing geographic features and land divisions.
map_land_record,J:\Genealogy\genealogy_pipeline\data\working\Screenshot 2026-06-07 020918.png,map_land_record,"The image is primarily an aerial or satellite view of a geographical area, fitting the map_land_record category."
map_land_record,J:\Genealogy\genealogy_pipeline\data\working\Screenshot 2026-06-08 100132.png,map_land_record,The image is a geographic map illustrating regions and journeys.
map_land_record,J:\Genealogy\genealogy_pipeline\data\working\Screenshot 2026-06-09 200450.png,map_land_record,The image is dominated by a detailed geographic map layout.
map_land_record,J:\Genealogy\genealogy_pipeline\data\working\Screenshot 2026-06-13 092832.png,map_land_record,The image is a geographic map showing geographical features and routes.
map_land_record,J:\Genealogy\genealogy_pipeline\data\working\Screenshot 2026-06-18 002626.png,map_land_record,The image clearly displays a geographic map or aerial view.
map_land_record,J:\Genealogy\genealogy_pipeline\data\working\Screenshot 2026-06-18 075005.png,map_land_record,"The image is a historical map or survey document, fitting the definition of a map_land_record."
mixed_text_image,J:\Genealogy\genealogy_pipeline\data\working\Screenshot 2026-06-08 000104.png,mixed_text_image,The image contains a photograph of people accompanied by substantial descriptive text.
mixed_text_image,J:\Genealogy\genealogy_pipeline\data\working\Screenshot 2026-06-08 125320.png,mixed_text_image,"The image contains text conversation elements mixed with profile pictures, fitting the mixed text and photograph description."
mixed_text_image,J:\Genealogy\genealogy_pipeline\data\working\Screenshot 2026-06-08 125536.png,mixed_text_image,"The image contains text messages overlaid on a background image featuring people, fitting the mixed text and photograph description."
mixed_text_image,J:\Genealogy\genealogy_pipeline\data\working\Screenshot 2026-06-08 134121.png,mixed_text_image,"The image contains substantial text overlaid on a dark background, combined with what appears to be a background image or visual element."
genealogy_chart,J:\Genealogy\genealogy_pipeline\data\working\Screenshot 2026-05-03 173355.png,genealogy_chart,The image displays a structured family tree layout with multiple person nodes and associated data.
genealogy_chart,J:\Genealogy\genealogy_pipeline\data\working\Screenshot 2026-05-05 080416.png,genealogy_chart,The image is clearly a family tree diagram showing relationships between multiple individuals.
genealogy_chart,J:\Genealogy\genealogy_pipeline\data\working\Screenshot 2026-05-03 123648.png,genealogy_chart,The image displays multiple structured entries of names and dates arranged in a tree-like structure typical of a genealogy chart.
genealogy_chart,J:\Genealogy\genealogy_pipeline\data\working\Screenshot 2026-05-03 130610.png,genealogy_chart,The image displays a structured family tree with multiple person-nodes arranged in a tree structure.
genealogy_chart,J:\Genealogy\genealogy_pipeline\data\working\Screenshot 2026-05-03 164700.png,genealogy_chart,The image displays a family tree structure with multiple person nodes arranged in a chart layout.
genealogy_chart,J:\Genealogy\genealogy_pipeline\data\working\Screenshot 2026-05-03 174711.png,genealogy_chart,The image displays a structured family tree with multiple person-nodes arranged in a lineage diagram format.
genealogy_chart,J:\Genealogy\genealogy_pipeline\data\working\Screenshot 2026-05-06 202451.png,genealogy_chart,The image displays a structured diagram illustrating family lineage with multiple interconnected nodes.
genealogy_chart,J:\Genealogy\genealogy_pipeline\data\working\Screenshot 2026-05-08 022153.png,genealogy_chart,The image displays a structured family tree diagram with multiple person-nodes arranged in a chart layout.
genealogy_chart,J:\Genealogy\genealogy_pipeline\data\working\Screenshot 2026-05-08 022219.png,genealogy_chart,The image displays a structured family tree with multiple person-nodes arranged in a chart layout.
genealogy_chart,J:\Genealogy\genealogy_pipeline\data\working\Screenshot 2026-05-08 022317.png,genealogy_chart,The image displays a structured family tree with multiple person-nodes arranged in a chart layout.
genealogy_chart,J:\Genealogy\genealogy_pipeline\data\working\Screenshot 2026-05-08 083134.png,genealogy_chart,The image displays a structured family tree with multiple person-nodes arranged in a lineage diagram format.
genealogy_chart,J:\Genealogy\genealogy_pipeline\data\working\Screenshot 2026-05-10 211156.png,genealogy_chart,"The image explicitly labels itself as a family tree, which matches the definition of a genealogy chart."
genealogy_chart,J:\Genealogy\genealogy_pipeline\data\working\Screenshot 2026-05-10 212046.jpg,genealogy_chart,The image displays a clear family tree structure with multiple person-nodes arranged in a tree layout.
genealogy_chart,J:\Genealogy\genealogy_pipeline\data\working\Screenshot 2026-05-11 224602.png,genealogy_chart,The image displays a structured family tree diagram with multiple person-nodes arranged in a tree structure.
genealogy_chart,J:\Genealogy\genealogy_pipeline\data\working\Screenshot 2026-05-21 002354.png,genealogy_chart,The image displays a structured family tree with multiple person-nodes arranged in a tree structure.
genealogy_chart,J:\Genealogy\genealogy_pipeline\data\working\Screenshot 2026-05-21 013418.png,genealogy_chart,The image displays a structured family tree with multiple person-nodes arranged in a chart layout.
genealogy_chart,J:\Genealogy\genealogy_pipeline\data\working\Screenshot 2026-05-26 014448.png,genealogy_chart,"The image displays a structure with multiple person-nodes arranged in a tree layout, characteristic of a genealogy chart."
genealogy_chart,J:\Genealogy\genealogy_pipeline\data\working\Screenshot 2026-05-26 020059.png,genealogy_chart,"The image displays multiple person-nodes arranged in a tree structure, characteristic of a genealogy chart."
genealogy_chart,J:\Genealogy\genealogy_pipeline\data\working\Screenshot 2026-05-27 220646.png,genealogy_chart,The image displays a structured family tree with multiple person-nodes arranged in a chart layout.
genealogy_chart,J:\Genealogy\genealogy_pipeline\data\working\Screenshot 2026-05-28 011220.png,genealogy_chart,The image displays multiple structured nodes showing names and dates arranged in a family tree structure.
genealogy_chart,J:\Genealogy\genealogy_pipeline\data\working\Screenshot 2026-05-28 221154.png,genealogy_chart,The image displays a family tree structure with multiple person-nodes arranged in a tree layout.
genealogy_chart,J:\Genealogy\genealogy_pipeline\data\working\Screenshot 2026-05-30 160203.png,genealogy_chart,The image displays a structured family tree with multiple person-nodes arranged in a lineage diagram format.
genealogy_chart,J:\Genealogy\genealogy_pipeline\data\working\Screenshot 2026-05-30 161105.png,genealogy_chart,"The image displays a structured diagram showing relationships between multiple family members, characteristic of a genealogy chart."
genealogy_chart,J:\Genealogy\genealogy_pipeline\data\working\Screenshot 2026-05-30 192041.png,genealogy_chart,The image displays a structured family tree with multiple person-nodes arranged in a chart layout.
genealogy_chart,J:\Genealogy\genealogy_pipeline\data\working\Screenshot 2026-05-31 205028.png,genealogy_chart,The image displays a structured diagram showing family relationships with multiple person nodes and portraits.
genealogy_chart,J:\Genealogy\genealogy_pipeline\data\working\Screenshot 2026-05-31 210826.png,genealogy_chart,The image displays structured family tree nodes with multiple person-nodes arranged in a tree structure.
genealogy_chart,J:\Genealogy\genealogy_pipeline\data\working\Screenshot 2026-05-31 231034.png,genealogy_chart,The image displays a structure of related names and familial connections arranged in a tree-like format.
genealogy_chart,J:\Genealogy\genealogy_pipeline\data\working\Screenshot 2026-06-01 235318.png,genealogy_chart,The image displays a family tree structure with multiple person-nodes arranged in a chart layout.
genealogy_chart,J:\Genealogy\genealogy_pipeline\data\working\Screenshot 2026-06-03 012848.png,genealogy_chart,"The image displays a structured family tree layout with multiple person nodes, characteristic of a genealogy chart."
genealogy_chart,J:\Genealogy\genealogy_pipeline\data\working\Screenshot 2026-06-07 213826.png,genealogy_chart,The image displays a family tree structure with multiple person-nodes arranged in a chart layout.
genealogy_chart,J:\Genealogy\genealogy_pipeline\data\working\Screenshot 2026-06-08 002859.png,genealogy_chart,The image displays a family tree structure with multiple person-nodes arranged in a tree layout.
genealogy_chart,J:\Genealogy\genealogy_pipeline\data\working\Screenshot 2026-06-09 131816.png,genealogy_chart,The image displays a structured family tree with multiple person-nodes arranged in a tree structure.
genealogy_chart,J:\Genealogy\genealogy_pipeline\data\working\Screenshot 2026-06-13 145654.png,genealogy_chart,The image displays multiple person-nodes arranged in a tree structure typical of a genealogy chart.
genealogy_chart,J:\Genealogy\genealogy_pipeline\data\working\Screenshot 2026-06-13 145748.png,genealogy_chart,The image displays a structured family tree with multiple person-nodes arranged in a chart layout.
genealogy_chart,J:\Genealogy\genealogy_pipeline\data\working\Screenshot 2026-06-13 173944.png,genealogy_chart,The image displays a structured family tree with multiple person-nodes arranged in a chart layout.
genealogy_chart,J:\Genealogy\genealogy_pipeline\data\working\Screenshot 2026-06-13 174850.png,genealogy_chart,The image displays a family tree structure with multiple person-nodes arranged in a chart layout.
genealogy_chart,J:\Genealogy\genealogy_pipeline\data\working\Screenshot 2026-06-13 203224.png,genealogy_chart,The image displays a structured family tree with multiple person-nodes arranged in a chart layout.
genealogy_chart,J:\Genealogy\genealogy_pipeline\data\working\Screenshot 2026-06-17 004716.png,genealogy_chart,The image displays a structured family tree diagram with multiple person nodes arranged in a chart layout.
uncertain_review,J:\Genealogy\genealogy_pipeline\data\working\Screenshot 2026-05-09 123726.png,uncertain_review,The image is heavily blurred and lacks discernible structural elements required for confident classification.
uncertain_review,J:\Genealogy\genealogy_pipeline\data\working\Screenshot 2026-05-21 014717.png,uncertain_review,The image displays a search results page with no document content to classify.
uncertain_review,J:\Genealogy\genealogy_pipeline\data\working\Screenshot 2026-05-21 014742.png,uncertain_review,The image provided is a search results page and does not contain an archival document suitable for classification.
uncertain_review,J:\Genealogy\genealogy_pipeline\data\working\Screenshot 2026-05-26 202354.png,uncertain_review,The image contains architectural detail and texture but lacks the defining features of any specific archival category.
uncertain_review,J:\Genealogy\genealogy_pipeline\data\working\Screenshot 2026-05-28 004559.png,uncertain_review,"The image is an illustration with minimal text and no clear document structure, making classification difficult."
uncertain_review,J:\Genealogy\genealogy_pipeline\data\working\Screenshot 2026-05-28 224253.png,uncertain_review,The image quality is too low to confidently classify the document type according to the defined criteria.
uncertain_review,J:\Genealogy\genealogy_pipeline\data\working\Screenshot 2026-05-29 002917.png,uncertain_review,The image is a solid black rectangle with no discernible content to classify accurately.
uncertain_review,J:\Genealogy\genealogy_pipeline\data\working\Screenshot 2026-06-09 022308.png,uncertain_review,"The image displays a status or process log with text and labels, which does not fit the defined archival document categories."
uncertain_review,J:\Genealogy\genealogy_pipeline\data\working\Screenshot 2026-06-09 185240.png,uncertain_review,The image is a solid black rectangle with no discernible content to classify accurately.
uncertain_review,J:\Genealogy\genealogy_pipeline\data\working\Screenshot 2026-06-09 215254.png,uncertain_review,The image contains only text indicating a result count and does not fit the structural criteria for any specific archival category.
uncertain_review,J:\Genealogy\genealogy_pipeline\data\working\Screenshot 2026-06-12 163705.png,uncertain_review,"The image provided is a dark, abstract bar-like structure with no discernible document content or recognizable structure."
uncertain_review,J:\Genealogy\genealogy_pipeline\data\working\Screenshot 2026-06-12 230525.png,uncertain_review,"The image displays a status bar with application metrics, which does not fit any defined archival document category."
uncertain_review,J:\Genealogy\genealogy_pipeline\data\working\Screenshot 2026-06-12 233228.png,uncertain_review,"The image displays a list of application or connection entries with associated data, which does not fit the strict definitions of the provided document categories."
uncertain_review,J:\Genealogy\genealogy_pipeline\data\working\Screenshot 2026-06-18 184146.png,uncertain_review,The image displays pagination controls and is not a document type that clearly fits any specific archival category.
